id,family,gender,pose,variant,status,evidence,specification,usage
male-idle-body-base,body,MALE,IDLE,base,NEW,,"1024x1536 transparent aligned body/face/eyes/skin; rear hair/arms and front hair/hands/occlusion layers; no outfit, cap or shoe",all character scenes
male-idle-outfit-starter-hoodie,outfit,MALE,IDLE,starter_hoodie,NEW,,"same-frame upper, shorts and socks; preserve sleeve/hand overlap with rear/front garment or masks; no cap or shoes","home, run, wardrobe, challenge, result, profile, market preview"
male-idle-outfit-clo-001,outfit,MALE,IDLE,CLO-001,NEW,,"same-frame upper, shorts and socks; preserve sleeve/hand overlap with rear/front garment or masks; no cap or shoes","home, run, wardrobe, challenge, result, profile, market preview"
male-idle-outfit-clo-002,outfit,MALE,IDLE,CLO-002,NEW,,"same-frame upper, shorts and socks; preserve sleeve/hand overlap with rear/front garment or masks; no cap or shoes","home, run, wardrobe, challenge, result, profile, market preview"
male-idle-outfit-clo-003,outfit,MALE,IDLE,CLO-003,NEW,,"same-frame upper, shorts and socks; preserve sleeve/hand overlap with rear/front garment or masks; no cap or shoes","home, run, wardrobe, challenge, result, profile, market preview"
male-idle-outfit-clo-004,outfit,MALE,IDLE,CLO-004,NEW,,"same-frame upper, shorts and socks; preserve sleeve/hand overlap with rear/front garment or masks; no cap or shoes","home, run, wardrobe, challenge, result, profile, market preview"
male-idle-outfit-clo-005,outfit,MALE,IDLE,CLO-005,NEW,,"same-frame upper, shorts and socks; preserve sleeve/hand overlap with rear/front garment or masks; no cap or shoes","home, run, wardrobe, challenge, result, profile, market preview"
male-idle-outfit-studio-pink,outfit,MALE,IDLE,STUDIO-PINK,NEW,,"same-frame upper, shorts and socks; preserve sleeve/hand overlap with rear/front garment or masks; no cap or shoes","home, run, wardrobe, challenge, result, profile, market preview"
male-idle-outfit-studio-lavender,outfit,MALE,IDLE,STUDIO-LAVENDER,NEW,,"same-frame upper, shorts and socks; preserve sleeve/hand overlap with rear/front garment or masks; no cap or shoes","home, run, wardrobe, challenge, result, profile, market preview"
male-idle-outfit-studio-olive,outfit,MALE,IDLE,STUDIO-OLIVE,NEW,,"same-frame upper, shorts and socks; preserve sleeve/hand overlap with rear/front garment or masks; no cap or shoes","home, run, wardrobe, challenge, result, profile, market preview"
male-idle-cap-starter-hoodie,cap,MALE,IDLE,starter_hoodie,NEW,,"same-frame cap, brim and UP logo; rear/front or hair occlusion where required; selected by outfit ID",all equipped-character scenes
male-idle-cap-studio-pink,cap,MALE,IDLE,STUDIO-PINK,NEW,,"same-frame cap, brim and UP logo; rear/front or hair occlusion where required; selected by outfit ID",all equipped-character scenes
male-idle-cap-studio-lavender,cap,MALE,IDLE,STUDIO-LAVENDER,NEW,,"same-frame cap, brim and UP logo; rear/front or hair occlusion where required; selected by outfit ID",all equipped-character scenes
male-idle-cap-studio-olive,cap,MALE,IDLE,STUDIO-OLIVE,NEW,,"same-frame cap, brim and UP logo; rear/front or hair occlusion where required; selected by outfit ID",all equipped-character scenes
male-idle-worn_shoes-shoes-base,worn_shoes,MALE,IDLE,SHOES-BASE,NEW,,"same-frame left/right worn pair, sole and foot contact; rear/front and occlusion where required; not the product thumbnail",all equipped-character scenes
male-idle-worn_shoes-fir-001,worn_shoes,MALE,IDLE,FIR-001,NEW,,"same-frame left/right worn pair, sole and foot contact; rear/front and occlusion where required; not the product thumbnail",all equipped-character scenes
male-idle-worn_shoes-fir-002,worn_shoes,MALE,IDLE,FIR-002,NEW,,"same-frame left/right worn pair, sole and foot contact; rear/front and occlusion where required; not the product thumbnail",all equipped-character scenes
male-idle-worn_shoes-fir-003,worn_shoes,MALE,IDLE,FIR-003,NEW,,"same-frame left/right worn pair, sole and foot contact; rear/front and occlusion where required; not the product thumbnail",all equipped-character scenes
male-idle-worn_shoes-fir-004,worn_shoes,MALE,IDLE,FIR-004,NEW,,"same-frame left/right worn pair, sole and foot contact; rear/front and occlusion where required; not the product thumbnail",all equipped-character scenes
male-idle-worn_shoes-fir-005,worn_shoes,MALE,IDLE,FIR-005,NEW,,"same-frame left/right worn pair, sole and foot contact; rear/front and occlusion where required; not the product thumbnail",all equipped-character scenes
male-idle-worn_shoes-fir-006,worn_shoes,MALE,IDLE,FIR-006,NEW,,"same-frame left/right worn pair, sole and foot contact; rear/front and occlusion where required; not the product thumbnail",all equipped-character scenes
male-idle-worn_shoes-fir-007,worn_shoes,MALE,IDLE,FIR-007,NEW,,"same-frame left/right worn pair, sole and foot contact; rear/front and occlusion where required; not the product thumbnail",all equipped-character scenes
male-idle-worn_shoes-fir-008,worn_shoes,MALE,IDLE,FIR-008,NEW,,"same-frame left/right worn pair, sole and foot contact; rear/front and occlusion where required; not the product thumbnail",all equipped-character scenes
male-idle-worn_shoes-fir-009,worn_shoes,MALE,IDLE,FIR-009,NEW,,"same-frame left/right worn pair, sole and foot contact; rear/front and occlusion where required; not the product thumbnail",all equipped-character scenes
male-idle-worn_shoes-fir-010,worn_shoes,MALE,IDLE,FIR-010,NEW,,"same-frame left/right worn pair, sole and foot contact; rear/front and occlusion where required; not the product thumbnail",all equipped-character scenes
male-idle-worn_shoes-fir-011,worn_shoes,MALE,IDLE,FIR-011,NEW,,"same-frame left/right worn pair, sole and foot contact; rear/front and occlusion where required; not the product thumbnail",all equipped-character scenes
male-idle-worn_shoes-fir-012,worn_shoes,MALE,IDLE,FIR-012,NEW,,"same-frame left/right worn pair, sole and foot contact; rear/front and occlusion where required; not the product thumbnail",all equipped-character scenes
male-idle-worn_shoes-fir-013,worn_shoes,MALE,IDLE,FIR-013,NEW,,"same-frame left/right worn pair, sole and foot contact; rear/front and occlusion where required; not the product thumbnail",all equipped-character scenes
male-idle-worn_shoes-wat-001,worn_shoes,MALE,IDLE,WAT-001,NEW,,"same-frame left/right worn pair, sole and foot contact; rear/front and occlusion where required; not the product thumbnail",all equipped-character scenes
male-idle-worn_shoes-wat-002,worn_shoes,MALE,IDLE,WAT-002,NEW,,"same-frame left/right worn pair, sole and foot contact; rear/front and occlusion where required; not the product thumbnail",all equipped-character scenes
male-idle-worn_shoes-wat-003,worn_shoes,MALE,IDLE,WAT-003,NEW,,"same-frame left/right worn pair, sole and foot contact; rear/front and occlusion where required; not the product thumbnail",all equipped-character scenes
male-idle-worn_shoes-wat-004,worn_shoes,MALE,IDLE,WAT-004,NEW,,"same-frame left/right worn pair, sole and foot contact; rear/front and occlusion where required; not the product thumbnail",all equipped-character scenes
male-idle-worn_shoes-wat-005,worn_shoes,MALE,IDLE,WAT-005,NEW,,"same-frame left/right worn pair, sole and foot contact; rear/front and occlusion where required; not the product thumbnail",all equipped-character scenes
male-idle-worn_shoes-wat-006,worn_shoes,MALE,IDLE,WAT-006,NEW,,"same-frame left/right worn pair, sole and foot contact; rear/front and occlusion where required; not the product thumbnail",all equipped-character scenes
male-idle-worn_shoes-wat-007,worn_shoes,MALE,IDLE,WAT-007,NEW,,"same-frame left/right worn pair, sole and foot contact; rear/front and occlusion where required; not the product thumbnail",all equipped-character scenes
male-idle-worn_shoes-wat-008,worn_shoes,MALE,IDLE,WAT-008,NEW,,"same-frame left/right worn pair, sole and foot contact; rear/front and occlusion where required; not the product thumbnail",all equipped-character scenes
male-idle-worn_shoes-wat-009,worn_shoes,MALE,IDLE,WAT-009,NEW,,"same-frame left/right worn pair, sole and foot contact; rear/front and occlusion where required; not the product thumbnail",all equipped-character scenes
male-idle-worn_shoes-wat-010,worn_shoes,MALE,IDLE,WAT-010,NEW,,"same-frame left/right worn pair, sole and foot contact; rear/front and occlusion where required; not the product thumbnail",all equipped-character scenes
male-idle-worn_shoes-wat-011,worn_shoes,MALE,IDLE,WAT-011,NEW,,"same-frame left/right worn pair, sole and foot contact; rear/front and occlusion where required; not the product thumbnail",all equipped-character scenes
male-idle-worn_shoes-wat-012,worn_shoes,MALE,IDLE,WAT-012,NEW,,"same-frame left/right worn pair, sole and foot contact; rear/front and occlusion where required; not the product thumbnail",all equipped-character scenes
male-idle-worn_shoes-wat-013,worn_shoes,MALE,IDLE,WAT-013,NEW,,"same-frame left/right worn pair, sole and foot contact; rear/front and occlusion where required; not the product thumbnail",all equipped-character scenes
male-idle-worn_shoes-lit-001,worn_shoes,MALE,IDLE,LIT-001,NEW,,"same-frame left/right worn pair, sole and foot contact; rear/front and occlusion where required; not the product thumbnail",all equipped-character scenes
male-idle-worn_shoes-lit-002,worn_shoes,MALE,IDLE,LIT-002,NEW,,"same-frame left/right worn pair, sole and foot contact; rear/front and occlusion where required; not the product thumbnail",all equipped-character scenes
male-idle-worn_shoes-lit-003,worn_shoes,MALE,IDLE,LIT-003,NEW,,"same-frame left/right worn pair, sole and foot contact; rear/front and occlusion where required; not the product thumbnail",all equipped-character scenes
male-idle-worn_shoes-lit-004,worn_shoes,MALE,IDLE,LIT-004,NEW,,"same-frame left/right worn pair, sole and foot contact; rear/front and occlusion where required; not the product thumbnail",all equipped-character scenes
male-idle-worn_shoes-lit-005,worn_shoes,MALE,IDLE,LIT-005,NEW,,"same-frame left/right worn pair, sole and foot contact; rear/front and occlusion where required; not the product thumbnail",all equipped-character scenes
male-idle-worn_shoes-lit-006,worn_shoes,MALE,IDLE,LIT-006,NEW,,"same-frame left/right worn pair, sole and foot contact; rear/front and occlusion where required; not the product thumbnail",all equipped-character scenes
male-idle-worn_shoes-lit-007,worn_shoes,MALE,IDLE,LIT-007,NEW,,"same-frame left/right worn pair, sole and foot contact; rear/front and occlusion where required; not the product thumbnail",all equipped-character scenes
male-idle-worn_shoes-lit-008,worn_shoes,MALE,IDLE,LIT-008,NEW,,"same-frame left/right worn pair, sole and foot contact; rear/front and occlusion where required; not the product thumbnail",all equipped-character scenes
male-idle-worn_shoes-lit-009,worn_shoes,MALE,IDLE,LIT-009,NEW,,"same-frame left/right worn pair, sole and foot contact; rear/front and occlusion where required; not the product thumbnail",all equipped-character scenes
male-idle-worn_shoes-lit-010,worn_shoes,MALE,IDLE,LIT-010,NEW,,"same-frame left/right worn pair, sole and foot contact; rear/front and occlusion where required; not the product thumbnail",all equipped-character scenes
male-idle-worn_shoes-lit-011,worn_shoes,MALE,IDLE,LIT-011,NEW,,"same-frame left/right worn pair, sole and foot contact; rear/front and occlusion where required; not the product thumbnail",all equipped-character scenes
male-idle-worn_shoes-lit-012,worn_shoes,MALE,IDLE,LIT-012,NEW,,"same-frame left/right worn pair, sole and foot contact; rear/front and occlusion where required; not the product thumbnail",all equipped-character scenes
male-idle-worn_shoes-lit-013,worn_shoes,MALE,IDLE,LIT-013,NEW,,"same-frame left/right worn pair, sole and foot contact; rear/front and occlusion where required; not the product thumbnail",all equipped-character scenes
male-idle-worn_shoes-wnd-001,worn_shoes,MALE,IDLE,WND-001,NEW,,"same-frame left/right worn pair, sole and foot contact; rear/front and occlusion where required; not the product thumbnail",all equipped-character scenes
male-idle-worn_shoes-wnd-002,worn_shoes,MALE,IDLE,WND-002,NEW,,"same-frame left/right worn pair, sole and foot contact; rear/front and occlusion where required; not the product thumbnail",all equipped-character scenes
male-idle-worn_shoes-wnd-003,worn_shoes,MALE,IDLE,WND-003,NEW,,"same-frame left/right worn pair, sole and foot contact; rear/front and occlusion where required; not the product thumbnail",all equipped-character scenes
male-idle-worn_shoes-wnd-004,worn_shoes,MALE,IDLE,WND-004,NEW,,"same-frame left/right worn pair, sole and foot contact; rear/front and occlusion where required; not the product thumbnail",all equipped-character scenes
male-idle-worn_shoes-wnd-005,worn_shoes,MALE,IDLE,WND-005,NEW,,"same-frame left/right worn pair, sole and foot contact; rear/front and occlusion where required; not the product thumbnail",all equipped-character scenes
male-idle-worn_shoes-wnd-006,worn_shoes,MALE,IDLE,WND-006,NEW,,"same-frame left/right worn pair, sole and foot contact; rear/front and occlusion where required; not the product thumbnail",all equipped-character scenes
male-idle-worn_shoes-wnd-007,worn_shoes,MALE,IDLE,WND-007,NEW,,"same-frame left/right worn pair, sole and foot contact; rear/front and occlusion where required; not the product thumbnail",all equipped-character scenes
male-idle-worn_shoes-wnd-008,worn_shoes,MALE,IDLE,WND-008,NEW,,"same-frame left/right worn pair, sole and foot contact; rear/front and occlusion where required; not the product thumbnail",all equipped-character scenes
male-idle-worn_shoes-wnd-009,worn_shoes,MALE,IDLE,WND-009,NEW,,"same-frame left/right worn pair, sole and foot contact; rear/front and occlusion where required; not the product thumbnail",all equipped-character scenes
male-idle-worn_shoes-wnd-010,worn_shoes,MALE,IDLE,WND-010,NEW,,"same-frame left/right worn pair, sole and foot contact; rear/front and occlusion where required; not the product thumbnail",all equipped-character scenes
male-idle-worn_shoes-wnd-011,worn_shoes,MALE,IDLE,WND-011,NEW,,"same-frame left/right worn pair, sole and foot contact; rear/front and occlusion where required; not the product thumbnail",all equipped-character scenes
male-idle-worn_shoes-wnd-012,worn_shoes,MALE,IDLE,WND-012,NEW,,"same-frame left/right worn pair, sole and foot contact; rear/front and occlusion where required; not the product thumbnail",all equipped-character scenes
male-idle-worn_shoes-wnd-013,worn_shoes,MALE,IDLE,WND-013,NEW,,"same-frame left/right worn pair, sole and foot contact; rear/front and occlusion where required; not the product thumbnail",all equipped-character scenes
male-run-body-base,body,MALE,RUN,base,NEW,,"1024x1536 transparent aligned body/face/eyes/skin; rear hair/arms and front hair/hands/occlusion layers; no outfit, cap or shoe",all character scenes
male-run-outfit-starter-hoodie,outfit,MALE,RUN,starter_hoodie,NEW,,"same-frame upper, shorts and socks; preserve sleeve/hand overlap with rear/front garment or masks; no cap or shoes","home, run, wardrobe, challenge, result, profile, market preview"
male-run-outfit-clo-001,outfit,MALE,RUN,CLO-001,NEW,,"same-frame upper, shorts and socks; preserve sleeve/hand overlap with rear/front garment or masks; no cap or shoes","home, run, wardrobe, challenge, result, profile, market preview"
male-run-outfit-clo-002,outfit,MALE,RUN,CLO-002,NEW,,"same-frame upper, shorts and socks; preserve sleeve/hand overlap with rear/front garment or masks; no cap or shoes","home, run, wardrobe, challenge, result, profile, market preview"
male-run-outfit-clo-003,outfit,MALE,RUN,CLO-003,NEW,,"same-frame upper, shorts and socks; preserve sleeve/hand overlap with rear/front garment or masks; no cap or shoes","home, run, wardrobe, challenge, result, profile, market preview"
male-run-outfit-clo-004,outfit,MALE,RUN,CLO-004,NEW,,"same-frame upper, shorts and socks; preserve sleeve/hand overlap with rear/front garment or masks; no cap or shoes","home, run, wardrobe, challenge, result, profile, market preview"
male-run-outfit-clo-005,outfit,MALE,RUN,CLO-005,NEW,,"same-frame upper, shorts and socks; preserve sleeve/hand overlap with rear/front garment or masks; no cap or shoes","home, run, wardrobe, challenge, result, profile, market preview"
male-run-outfit-studio-pink,outfit,MALE,RUN,STUDIO-PINK,NEW,,"same-frame upper, shorts and socks; preserve sleeve/hand overlap with rear/front garment or masks; no cap or shoes","home, run, wardrobe, challenge, result, profile, market preview"
male-run-outfit-studio-lavender,outfit,MALE,RUN,STUDIO-LAVENDER,NEW,,"same-frame upper, shorts and socks; preserve sleeve/hand overlap with rear/front garment or masks; no cap or shoes","home, run, wardrobe, challenge, result, profile, market preview"
male-run-outfit-studio-olive,outfit,MALE,RUN,STUDIO-OLIVE,NEW,,"same-frame upper, shorts and socks; preserve sleeve/hand overlap with rear/front garment or masks; no cap or shoes","home, run, wardrobe, challenge, result, profile, market preview"
male-run-cap-starter-hoodie,cap,MALE,RUN,starter_hoodie,NEW,,"same-frame cap, brim and UP logo; rear/front or hair occlusion where required; selected by outfit ID",all equipped-character scenes
male-run-cap-studio-pink,cap,MALE,RUN,STUDIO-PINK,NEW,,"same-frame cap, brim and UP logo; rear/front or hair occlusion where required; selected by outfit ID",all equipped-character scenes
male-run-cap-studio-lavender,cap,MALE,RUN,STUDIO-LAVENDER,NEW,,"same-frame cap, brim and UP logo; rear/front or hair occlusion where required; selected by outfit ID",all equipped-character scenes
male-run-cap-studio-olive,cap,MALE,RUN,STUDIO-OLIVE,NEW,,"same-frame cap, brim and UP logo; rear/front or hair occlusion where required; selected by outfit ID",all equipped-character scenes
male-run-worn_shoes-shoes-base,worn_shoes,MALE,RUN,SHOES-BASE,NEW,,"same-frame left/right worn pair, sole and foot contact; rear/front and occlusion where required; not the product thumbnail",all equipped-character scenes
male-run-worn_shoes-fir-001,worn_shoes,MALE,RUN,FIR-001,NEW,,"same-frame left/right worn pair, sole and foot contact; rear/front and occlusion where required; not the product thumbnail",all equipped-character scenes
male-run-worn_shoes-fir-002,worn_shoes,MALE,RUN,FIR-002,NEW,,"same-frame left/right worn pair, sole and foot contact; rear/front and occlusion where required; not the product thumbnail",all equipped-character scenes
male-run-worn_shoes-fir-003,worn_shoes,MALE,RUN,FIR-003,NEW,,"same-frame left/right worn pair, sole and foot contact; rear/front and occlusion where required; not the product thumbnail",all equipped-character scenes
male-run-worn_shoes-fir-004,worn_shoes,MALE,RUN,FIR-004,NEW,,"same-frame left/right worn pair, sole and foot contact; rear/front and occlusion where required; not the product thumbnail",all equipped-character scenes
male-run-worn_shoes-fir-005,worn_shoes,MALE,RUN,FIR-005,NEW,,"same-frame left/right worn pair, sole and foot contact; rear/front and occlusion where required; not the product thumbnail",all equipped-character scenes
male-run-worn_shoes-fir-006,worn_shoes,MALE,RUN,FIR-006,NEW,,"same-frame left/right worn pair, sole and foot contact; rear/front and occlusion where required; not the product thumbnail",all equipped-character scenes
male-run-worn_shoes-fir-007,worn_shoes,MALE,RUN,FIR-007,NEW,,"same-frame left/right worn pair, sole and foot contact; rear/front and occlusion where required; not the product thumbnail",all equipped-character scenes
male-run-worn_shoes-fir-008,worn_shoes,MALE,RUN,FIR-008,NEW,,"same-frame left/right worn pair, sole and foot contact; rear/front and occlusion where required; not the product thumbnail",all equipped-character scenes
male-run-worn_shoes-fir-009,worn_shoes,MALE,RUN,FIR-009,NEW,,"same-frame left/right worn pair, sole and foot contact; rear/front and occlusion where required; not the product thumbnail",all equipped-character scenes
male-run-worn_shoes-fir-010,worn_shoes,MALE,RUN,FIR-010,NEW,,"same-frame left/right worn pair, sole and foot contact; rear/front and occlusion where required; not the product thumbnail",all equipped-character scenes
male-run-worn_shoes-fir-011,worn_shoes,MALE,RUN,FIR-011,NEW,,"same-frame left/right worn pair, sole and foot contact; rear/front and occlusion where required; not the product thumbnail",all equipped-character scenes
male-run-worn_shoes-fir-012,worn_shoes,MALE,RUN,FIR-012,NEW,,"same-frame left/right worn pair, sole and foot contact; rear/front and occlusion where required; not the product thumbnail",all equipped-character scenes
male-run-worn_shoes-fir-013,worn_shoes,MALE,RUN,FIR-013,NEW,,"same-frame left/right worn pair, sole and foot contact; rear/front and occlusion where required; not the product thumbnail",all equipped-character scenes
male-run-worn_shoes-wat-001,worn_shoes,MALE,RUN,WAT-001,NEW,,"same-frame left/right worn pair, sole and foot contact; rear/front and occlusion where required; not the product thumbnail",all equipped-character scenes
male-run-worn_shoes-wat-002,worn_shoes,MALE,RUN,WAT-002,NEW,,"same-frame left/right worn pair, sole and foot contact; rear/front and occlusion where required; not the product thumbnail",all equipped-character scenes
male-run-worn_shoes-wat-003,worn_shoes,MALE,RUN,WAT-003,NEW,,"same-frame left/right worn pair, sole and foot contact; rear/front and occlusion where required; not the product thumbnail",all equipped-character scenes
male-run-worn_shoes-wat-004,worn_shoes,MALE,RUN,WAT-004,NEW,,"same-frame left/right worn pair, sole and foot contact; rear/front and occlusion where required; not the product thumbnail",all equipped-character scenes
male-run-worn_shoes-wat-005,worn_shoes,MALE,RUN,WAT-005,NEW,,"same-frame left/right worn pair, sole and foot contact; rear/front and occlusion where required; not the product thumbnail",all equipped-character scenes
male-run-worn_shoes-wat-006,worn_shoes,MALE,RUN,WAT-006,NEW,,"same-frame left/right worn pair, sole and foot contact; rear/front and occlusion where required; not the product thumbnail",all equipped-character scenes
male-run-worn_shoes-wat-007,worn_shoes,MALE,RUN,WAT-007,NEW,,"same-frame left/right worn pair, sole and foot contact; rear/front and occlusion where required; not the product thumbnail",all equipped-character scenes
male-run-worn_shoes-wat-008,worn_shoes,MALE,RUN,WAT-008,NEW,,"same-frame left/right worn pair, sole and foot contact; rear/front and occlusion where required; not the product thumbnail",all equipped-character scenes
male-run-worn_shoes-wat-009,worn_shoes,MALE,RUN,WAT-009,NEW,,"same-frame left/right worn pair, sole and foot contact; rear/front and occlusion where required; not the product thumbnail",all equipped-character scenes
male-run-worn_shoes-wat-010,worn_shoes,MALE,RUN,WAT-010,NEW,,"same-frame left/right worn pair, sole and foot contact; rear/front and occlusion where required; not the product thumbnail",all equipped-character scenes
male-run-worn_shoes-wat-011,worn_shoes,MALE,RUN,WAT-011,NEW,,"same-frame left/right worn pair, sole and foot contact; rear/front and occlusion where required; not the product thumbnail",all equipped-character scenes
male-run-worn_shoes-wat-012,worn_shoes,MALE,RUN,WAT-012,NEW,,"same-frame left/right worn pair, sole and foot contact; rear/front and occlusion where required; not the product thumbnail",all equipped-character scenes
male-run-worn_shoes-wat-013,worn_shoes,MALE,RUN,WAT-013,NEW,,"same-frame left/right worn pair, sole and foot contact; rear/front and occlusion where required; not the product thumbnail",all equipped-character scenes
male-run-worn_shoes-lit-001,worn_shoes,MALE,RUN,LIT-001,NEW,,"same-frame left/right worn pair, sole and foot contact; rear/front and occlusion where required; not the product thumbnail",all equipped-character scenes
male-run-worn_shoes-lit-002,worn_shoes,MALE,RUN,LIT-002,NEW,,"same-frame left/right worn pair, sole and foot contact; rear/front and occlusion where required; not the product thumbnail",all equipped-character scenes
male-run-worn_shoes-lit-003,worn_shoes,MALE,RUN,LIT-003,NEW,,"same-frame left/right worn pair, sole and foot contact; rear/front and occlusion where required; not the product thumbnail",all equipped-character scenes
male-run-worn_shoes-lit-004,worn_shoes,MALE,RUN,LIT-004,NEW,,"same-frame left/right worn pair, sole and foot contact; rear/front and occlusion where required; not the product thumbnail",all equipped-character scenes
male-run-worn_shoes-lit-005,worn_shoes,MALE,RUN,LIT-005,NEW,,"same-frame left/right worn pair, sole and foot contact; rear/front and occlusion where required; not the product thumbnail",all equipped-character scenes
male-run-worn_shoes-lit-006,worn_shoes,MALE,RUN,LIT-006,NEW,,"same-frame left/right worn pair, sole and foot contact; rear/front and occlusion where required; not the product thumbnail",all equipped-character scenes
male-run-worn_shoes-lit-007,worn_shoes,MALE,RUN,LIT-007,NEW,,"same-frame left/right worn pair, sole and foot contact; rear/front and occlusion where required; not the product thumbnail",all equipped-character scenes
male-run-worn_shoes-lit-008,worn_shoes,MALE,RUN,LIT-008,NEW,,"same-frame left/right worn pair, sole and foot contact; rear/front and occlusion where required; not the product thumbnail",all equipped-character scenes
male-run-worn_shoes-lit-009,worn_shoes,MALE,RUN,LIT-009,NEW,,"same-frame left/right worn pair, sole and foot contact; rear/front and occlusion where required; not the product thumbnail",all equipped-character scenes
male-run-worn_shoes-lit-010,worn_shoes,MALE,RUN,LIT-010,NEW,,"same-frame left/right worn pair, sole and foot contact; rear/front and occlusion where required; not the product thumbnail",all equipped-character scenes
male-run-worn_shoes-lit-011,worn_shoes,MALE,RUN,LIT-011,NEW,,"same-frame left/right worn pair, sole and foot contact; rear/front and occlusion where required; not the product thumbnail",all equipped-character scenes
male-run-worn_shoes-lit-012,worn_shoes,MALE,RUN,LIT-012,NEW,,"same-frame left/right worn pair, sole and foot contact; rear/front and occlusion where required; not the product thumbnail",all equipped-character scenes
male-run-worn_shoes-lit-013,worn_shoes,MALE,RUN,LIT-013,NEW,,"same-frame left/right worn pair, sole and foot contact; rear/front and occlusion where required; not the product thumbnail",all equipped-character scenes
male-run-worn_shoes-wnd-001,worn_shoes,MALE,RUN,WND-001,NEW,,"same-frame left/right worn pair, sole and foot contact; rear/front and occlusion where required; not the product thumbnail",all equipped-character scenes
male-run-worn_shoes-wnd-002,worn_shoes,MALE,RUN,WND-002,NEW,,"same-frame left/right worn pair, sole and foot contact; rear/front and occlusion where required; not the product thumbnail",all equipped-character scenes
male-run-worn_shoes-wnd-003,worn_shoes,MALE,RUN,WND-003,NEW,,"same-frame left/right worn pair, sole and foot contact; rear/front and occlusion where required; not the product thumbnail",all equipped-character scenes
male-run-worn_shoes-wnd-004,worn_shoes,MALE,RUN,WND-004,NEW,,"same-frame left/right worn pair, sole and foot contact; rear/front and occlusion where required; not the product thumbnail",all equipped-character scenes
male-run-worn_shoes-wnd-005,worn_shoes,MALE,RUN,WND-005,NEW,,"same-frame left/right worn pair, sole and foot contact; rear/front and occlusion where required; not the product thumbnail",all equipped-character scenes
male-run-worn_shoes-wnd-006,worn_shoes,MALE,RUN,WND-006,NEW,,"same-frame left/right worn pair, sole and foot contact; rear/front and occlusion where required; not the product thumbnail",all equipped-character scenes
male-run-worn_shoes-wnd-007,worn_shoes,MALE,RUN,WND-007,NEW,,"same-frame left/right worn pair, sole and foot contact; rear/front and occlusion where required; not the product thumbnail",all equipped-character scenes
male-run-worn_shoes-wnd-008,worn_shoes,MALE,RUN,WND-008,NEW,,"same-frame left/right worn pair, sole and foot contact; rear/front and occlusion where required; not the product thumbnail",all equipped-character scenes
male-run-worn_shoes-wnd-009,worn_shoes,MALE,RUN,WND-009,NEW,,"same-frame left/right worn pair, sole and foot contact; rear/front and occlusion where required; not the product thumbnail",all equipped-character scenes
male-run-worn_shoes-wnd-010,worn_shoes,MALE,RUN,WND-010,NEW,,"same-frame left/right worn pair, sole and foot contact; rear/front and occlusion where required; not the product thumbnail",all equipped-character scenes
male-run-worn_shoes-wnd-011,worn_shoes,MALE,RUN,WND-011,NEW,,"same-frame left/right worn pair, sole and foot contact; rear/front and occlusion where required; not the product thumbnail",all equipped-character scenes
male-run-worn_shoes-wnd-012,worn_shoes,MALE,RUN,WND-012,NEW,,"same-frame left/right worn pair, sole and foot contact; rear/front and occlusion where required; not the product thumbnail",all equipped-character scenes
male-run-worn_shoes-wnd-013,worn_shoes,MALE,RUN,WND-013,NEW,,"same-frame left/right worn pair, sole and foot contact; rear/front and occlusion where required; not the product thumbnail",all equipped-character scenes
male-cheer-body-base,body,MALE,CHEER,base,NEW,,"1024x1536 transparent aligned body/face/eyes/skin; rear hair/arms and front hair/hands/occlusion layers; no outfit, cap or shoe",all character scenes
male-cheer-outfit-starter-hoodie,outfit,MALE,CHEER,starter_hoodie,NEW,,"same-frame upper, shorts and socks; preserve sleeve/hand overlap with rear/front garment or masks; no cap or shoes","home, run, wardrobe, challenge, result, profile, market preview"
male-cheer-outfit-clo-001,outfit,MALE,CHEER,CLO-001,NEW,,"same-frame upper, shorts and socks; preserve sleeve/hand overlap with rear/front garment or masks; no cap or shoes","home, run, wardrobe, challenge, result, profile, market preview"
male-cheer-outfit-clo-002,outfit,MALE,CHEER,CLO-002,NEW,,"same-frame upper, shorts and socks; preserve sleeve/hand overlap with rear/front garment or masks; no cap or shoes","home, run, wardrobe, challenge, result, profile, market preview"
male-cheer-outfit-clo-003,outfit,MALE,CHEER,CLO-003,NEW,,"same-frame upper, shorts and socks; preserve sleeve/hand overlap with rear/front garment or masks; no cap or shoes","home, run, wardrobe, challenge, result, profile, market preview"
male-cheer-outfit-clo-004,outfit,MALE,CHEER,CLO-004,NEW,,"same-frame upper, shorts and socks; preserve sleeve/hand overlap with rear/front garment or masks; no cap or shoes","home, run, wardrobe, challenge, result, profile, market preview"
male-cheer-outfit-clo-005,outfit,MALE,CHEER,CLO-005,NEW,,"same-frame upper, shorts and socks; preserve sleeve/hand overlap with rear/front garment or masks; no cap or shoes","home, run, wardrobe, challenge, result, profile, market preview"
male-cheer-outfit-studio-pink,outfit,MALE,CHEER,STUDIO-PINK,NEW,,"same-frame upper, shorts and socks; preserve sleeve/hand overlap with rear/front garment or masks; no cap or shoes","home, run, wardrobe, challenge, result, profile, market preview"
male-cheer-outfit-studio-lavender,outfit,MALE,CHEER,STUDIO-LAVENDER,NEW,,"same-frame upper, shorts and socks; preserve sleeve/hand overlap with rear/front garment or masks; no cap or shoes","home, run, wardrobe, challenge, result, profile, market preview"
male-cheer-outfit-studio-olive,outfit,MALE,CHEER,STUDIO-OLIVE,NEW,,"same-frame upper, shorts and socks; preserve sleeve/hand overlap with rear/front garment or masks; no cap or shoes","home, run, wardrobe, challenge, result, profile, market preview"
male-cheer-cap-starter-hoodie,cap,MALE,CHEER,starter_hoodie,NEW,,"same-frame cap, brim and UP logo; rear/front or hair occlusion where required; selected by outfit ID",all equipped-character scenes
male-cheer-cap-studio-pink,cap,MALE,CHEER,STUDIO-PINK,NEW,,"same-frame cap, brim and UP logo; rear/front or hair occlusion where required; selected by outfit ID",all equipped-character scenes
male-cheer-cap-studio-lavender,cap,MALE,CHEER,STUDIO-LAVENDER,NEW,,"same-frame cap, brim and UP logo; rear/front or hair occlusion where required; selected by outfit ID",all equipped-character scenes
male-cheer-cap-studio-olive,cap,MALE,CHEER,STUDIO-OLIVE,NEW,,"same-frame cap, brim and UP logo; rear/front or hair occlusion where required; selected by outfit ID",all equipped-character scenes
male-cheer-worn_shoes-shoes-base,worn_shoes,MALE,CHEER,SHOES-BASE,NEW,,"same-frame left/right worn pair, sole and foot contact; rear/front and occlusion where required; not the product thumbnail",all equipped-character scenes
male-cheer-worn_shoes-fir-001,worn_shoes,MALE,CHEER,FIR-001,NEW,,"same-frame left/right worn pair, sole and foot contact; rear/front and occlusion where required; not the product thumbnail",all equipped-character scenes
male-cheer-worn_shoes-fir-002,worn_shoes,MALE,CHEER,FIR-002,NEW,,"same-frame left/right worn pair, sole and foot contact; rear/front and occlusion where required; not the product thumbnail",all equipped-character scenes
male-cheer-worn_shoes-fir-003,worn_shoes,MALE,CHEER,FIR-003,NEW,,"same-frame left/right worn pair, sole and foot contact; rear/front and occlusion where required; not the product thumbnail",all equipped-character scenes
male-cheer-worn_shoes-fir-004,worn_shoes,MALE,CHEER,FIR-004,NEW,,"same-frame left/right worn pair, sole and foot contact; rear/front and occlusion where required; not the product thumbnail",all equipped-character scenes
male-cheer-worn_shoes-fir-005,worn_shoes,MALE,CHEER,FIR-005,NEW,,"same-frame left/right worn pair, sole and foot contact; rear/front and occlusion where required; not the product thumbnail",all equipped-character scenes
male-cheer-worn_shoes-fir-006,worn_shoes,MALE,CHEER,FIR-006,NEW,,"same-frame left/right worn pair, sole and foot contact; rear/front and occlusion where required; not the product thumbnail",all equipped-character scenes
male-cheer-worn_shoes-fir-007,worn_shoes,MALE,CHEER,FIR-007,NEW,,"same-frame left/right worn pair, sole and foot contact; rear/front and occlusion where required; not the product thumbnail",all equipped-character scenes
male-cheer-worn_shoes-fir-008,worn_shoes,MALE,CHEER,FIR-008,NEW,,"same-frame left/right worn pair, sole and foot contact; rear/front and occlusion where required; not the product thumbnail",all equipped-character scenes
male-cheer-worn_shoes-fir-009,worn_shoes,MALE,CHEER,FIR-009,NEW,,"same-frame left/right worn pair, sole and foot contact; rear/front and occlusion where required; not the product thumbnail",all equipped-character scenes
male-cheer-worn_shoes-fir-010,worn_shoes,MALE,CHEER,FIR-010,NEW,,"same-frame left/right worn pair, sole and foot contact; rear/front and occlusion where required; not the product thumbnail",all equipped-character scenes
male-cheer-worn_shoes-fir-011,worn_shoes,MALE,CHEER,FIR-011,NEW,,"same-frame left/right worn pair, sole and foot contact; rear/front and occlusion where required; not the product thumbnail",all equipped-character scenes
male-cheer-worn_shoes-fir-012,worn_shoes,MALE,CHEER,FIR-012,NEW,,"same-frame left/right worn pair, sole and foot contact; rear/front and occlusion where required; not the product thumbnail",all equipped-character scenes
male-cheer-worn_shoes-fir-013,worn_shoes,MALE,CHEER,FIR-013,NEW,,"same-frame left/right worn pair, sole and foot contact; rear/front and occlusion where required; not the product thumbnail",all equipped-character scenes
male-cheer-worn_shoes-wat-001,worn_shoes,MALE,CHEER,WAT-001,NEW,,"same-frame left/right worn pair, sole and foot contact; rear/front and occlusion where required; not the product thumbnail",all equipped-character scenes
male-cheer-worn_shoes-wat-002,worn_shoes,MALE,CHEER,WAT-002,NEW,,"same-frame left/right worn pair, sole and foot contact; rear/front and occlusion where required; not the product thumbnail",all equipped-character scenes
male-cheer-worn_shoes-wat-003,worn_shoes,MALE,CHEER,WAT-003,NEW,,"same-frame left/right worn pair, sole and foot contact; rear/front and occlusion where required; not the product thumbnail",all equipped-character scenes
male-cheer-worn_shoes-wat-004,worn_shoes,MALE,CHEER,WAT-004,NEW,,"same-frame left/right worn pair, sole and foot contact; rear/front and occlusion where required; not the product thumbnail",all equipped-character scenes
male-cheer-worn_shoes-wat-005,worn_shoes,MALE,CHEER,WAT-005,NEW,,"same-frame left/right worn pair, sole and foot contact; rear/front and occlusion where required; not the product thumbnail",all equipped-character scenes
male-cheer-worn_shoes-wat-006,worn_shoes,MALE,CHEER,WAT-006,NEW,,"same-frame left/right worn pair, sole and foot contact; rear/front and occlusion where required; not the product thumbnail",all equipped-character scenes
male-cheer-worn_shoes-wat-007,worn_shoes,MALE,CHEER,WAT-007,NEW,,"same-frame left/right worn pair, sole and foot contact; rear/front and occlusion where required; not the product thumbnail",all equipped-character scenes
male-cheer-worn_shoes-wat-008,worn_shoes,MALE,CHEER,WAT-008,NEW,,"same-frame left/right worn pair, sole and foot contact; rear/front and occlusion where required; not the product thumbnail",all equipped-character scenes
male-cheer-worn_shoes-wat-009,worn_shoes,MALE,CHEER,WAT-009,NEW,,"same-frame left/right worn pair, sole and foot contact; rear/front and occlusion where required; not the product thumbnail",all equipped-character scenes
male-cheer-worn_shoes-wat-010,worn_shoes,MALE,CHEER,WAT-010,NEW,,"same-frame left/right worn pair, sole and foot contact; rear/front and occlusion where required; not the product thumbnail",all equipped-character scenes
male-cheer-worn_shoes-wat-011,worn_shoes,MALE,CHEER,WAT-011,NEW,,"same-frame left/right worn pair, sole and foot contact; rear/front and occlusion where required; not the product thumbnail",all equipped-character scenes
male-cheer-worn_shoes-wat-012,worn_shoes,MALE,CHEER,WAT-012,NEW,,"same-frame left/right worn pair, sole and foot contact; rear/front and occlusion where required; not the product thumbnail",all equipped-character scenes
male-cheer-worn_shoes-wat-013,worn_shoes,MALE,CHEER,WAT-013,NEW,,"same-frame left/right worn pair, sole and foot contact; rear/front and occlusion where required; not the product thumbnail",all equipped-character scenes
male-cheer-worn_shoes-lit-001,worn_shoes,MALE,CHEER,LIT-001,NEW,,"same-frame left/right worn pair, sole and foot contact; rear/front and occlusion where required; not the product thumbnail",all equipped-character scenes
male-cheer-worn_shoes-lit-002,worn_shoes,MALE,CHEER,LIT-002,NEW,,"same-frame left/right worn pair, sole and foot contact; rear/front and occlusion where required; not the product thumbnail",all equipped-character scenes
male-cheer-worn_shoes-lit-003,worn_shoes,MALE,CHEER,LIT-003,NEW,,"same-frame left/right worn pair, sole and foot contact; rear/front and occlusion where required; not the product thumbnail",all equipped-character scenes
male-cheer-worn_shoes-lit-004,worn_shoes,MALE,CHEER,LIT-004,NEW,,"same-frame left/right worn pair, sole and foot contact; rear/front and occlusion where required; not the product thumbnail",all equipped-character scenes
male-cheer-worn_shoes-lit-005,worn_shoes,MALE,CHEER,LIT-005,NEW,,"same-frame left/right worn pair, sole and foot contact; rear/front and occlusion where required; not the product thumbnail",all equipped-character scenes
male-cheer-worn_shoes-lit-006,worn_shoes,MALE,CHEER,LIT-006,NEW,,"same-frame left/right worn pair, sole and foot contact; rear/front and occlusion where required; not the product thumbnail",all equipped-character scenes
male-cheer-worn_shoes-lit-007,worn_shoes,MALE,CHEER,LIT-007,NEW,,"same-frame left/right worn pair, sole and foot contact; rear/front and occlusion where required; not the product thumbnail",all equipped-character scenes
male-cheer-worn_shoes-lit-008,worn_shoes,MALE,CHEER,LIT-008,NEW,,"same-frame left/right worn pair, sole and foot contact; rear/front and occlusion where required; not the product thumbnail",all equipped-character scenes
male-cheer-worn_shoes-lit-009,worn_shoes,MALE,CHEER,LIT-009,NEW,,"same-frame left/right worn pair, sole and foot contact; rear/front and occlusion where required; not the product thumbnail",all equipped-character scenes
male-cheer-worn_shoes-lit-010,worn_shoes,MALE,CHEER,LIT-010,NEW,,"same-frame left/right worn pair, sole and foot contact; rear/front and occlusion where required; not the product thumbnail",all equipped-character scenes
male-cheer-worn_shoes-lit-011,worn_shoes,MALE,CHEER,LIT-011,NEW,,"same-frame left/right worn pair, sole and foot contact; rear/front and occlusion where required; not the product thumbnail",all equipped-character scenes
male-cheer-worn_shoes-lit-012,worn_shoes,MALE,CHEER,LIT-012,NEW,,"same-frame left/right worn pair, sole and foot contact; rear/front and occlusion where required; not the product thumbnail",all equipped-character scenes
male-cheer-worn_shoes-lit-013,worn_shoes,MALE,CHEER,LIT-013,NEW,,"same-frame left/right worn pair, sole and foot contact; rear/front and occlusion where required; not the product thumbnail",all equipped-character scenes
male-cheer-worn_shoes-wnd-001,worn_shoes,MALE,CHEER,WND-001,NEW,,"same-frame left/right worn pair, sole and foot contact; rear/front and occlusion where required; not the product thumbnail",all equipped-character scenes
male-cheer-worn_shoes-wnd-002,worn_shoes,MALE,CHEER,WND-002,NEW,,"same-frame left/right worn pair, sole and foot contact; rear/front and occlusion where required; not the product thumbnail",all equipped-character scenes
male-cheer-worn_shoes-wnd-003,worn_shoes,MALE,CHEER,WND-003,NEW,,"same-frame left/right worn pair, sole and foot contact; rear/front and occlusion where required; not the product thumbnail",all equipped-character scenes
male-cheer-worn_shoes-wnd-004,worn_shoes,MALE,CHEER,WND-004,NEW,,"same-frame left/right worn pair, sole and foot contact; rear/front and occlusion where required; not the product thumbnail",all equipped-character scenes
male-cheer-worn_shoes-wnd-005,worn_shoes,MALE,CHEER,WND-005,NEW,,"same-frame left/right worn pair, sole and foot contact; rear/front and occlusion where required; not the product thumbnail",all equipped-character scenes
male-cheer-worn_shoes-wnd-006,worn_shoes,MALE,CHEER,WND-006,NEW,,"same-frame left/right worn pair, sole and foot contact; rear/front and occlusion where required; not the product thumbnail",all equipped-character scenes
male-cheer-worn_shoes-wnd-007,worn_shoes,MALE,CHEER,WND-007,NEW,,"same-frame left/right worn pair, sole and foot contact; rear/front and occlusion where required; not the product thumbnail",all equipped-character scenes
male-cheer-worn_shoes-wnd-008,worn_shoes,MALE,CHEER,WND-008,NEW,,"same-frame left/right worn pair, sole and foot contact; rear/front and occlusion where required; not the product thumbnail",all equipped-character scenes
male-cheer-worn_shoes-wnd-009,worn_shoes,MALE,CHEER,WND-009,NEW,,"same-frame left/right worn pair, sole and foot contact; rear/front and occlusion where required; not the product thumbnail",all equipped-character scenes
male-cheer-worn_shoes-wnd-010,worn_shoes,MALE,CHEER,WND-010,NEW,,"same-frame left/right worn pair, sole and foot contact; rear/front and occlusion where required; not the product thumbnail",all equipped-character scenes
male-cheer-worn_shoes-wnd-011,worn_shoes,MALE,CHEER,WND-011,NEW,,"same-frame left/right worn pair, sole and foot contact; rear/front and occlusion where required; not the product thumbnail",all equipped-character scenes
male-cheer-worn_shoes-wnd-012,worn_shoes,MALE,CHEER,WND-012,NEW,,"same-frame left/right worn pair, sole and foot contact; rear/front and occlusion where required; not the product thumbnail",all equipped-character scenes
male-cheer-worn_shoes-wnd-013,worn_shoes,MALE,CHEER,WND-013,NEW,,"same-frame left/right worn pair, sole and foot contact; rear/front and occlusion where required; not the product thumbnail",all equipped-character scenes
male-sit-body-base,body,MALE,SIT,base,NEW,,"1024x1536 transparent aligned body/face/eyes/skin; rear hair/arms and front hair/hands/occlusion layers; no outfit, cap or shoe",all character scenes
male-sit-outfit-starter-hoodie,outfit,MALE,SIT,starter_hoodie,NEW,,"same-frame upper, shorts and socks; preserve sleeve/hand overlap with rear/front garment or masks; no cap or shoes","home, run, wardrobe, challenge, result, profile, market preview"
male-sit-outfit-clo-001,outfit,MALE,SIT,CLO-001,NEW,,"same-frame upper, shorts and socks; preserve sleeve/hand overlap with rear/front garment or masks; no cap or shoes","home, run, wardrobe, challenge, result, profile, market preview"
male-sit-outfit-clo-002,outfit,MALE,SIT,CLO-002,NEW,,"same-frame upper, shorts and socks; preserve sleeve/hand overlap with rear/front garment or masks; no cap or shoes","home, run, wardrobe, challenge, result, profile, market preview"
male-sit-outfit-clo-003,outfit,MALE,SIT,CLO-003,NEW,,"same-frame upper, shorts and socks; preserve sleeve/hand overlap with rear/front garment or masks; no cap or shoes","home, run, wardrobe, challenge, result, profile, market preview"
male-sit-outfit-clo-004,outfit,MALE,SIT,CLO-004,NEW,,"same-frame upper, shorts and socks; preserve sleeve/hand overlap with rear/front garment or masks; no cap or shoes","home, run, wardrobe, challenge, result, profile, market preview"
male-sit-outfit-clo-005,outfit,MALE,SIT,CLO-005,NEW,,"same-frame upper, shorts and socks; preserve sleeve/hand overlap with rear/front garment or masks; no cap or shoes","home, run, wardrobe, challenge, result, profile, market preview"
male-sit-outfit-studio-pink,outfit,MALE,SIT,STUDIO-PINK,NEW,,"same-frame upper, shorts and socks; preserve sleeve/hand overlap with rear/front garment or masks; no cap or shoes","home, run, wardrobe, challenge, result, profile, market preview"
male-sit-outfit-studio-lavender,outfit,MALE,SIT,STUDIO-LAVENDER,NEW,,"same-frame upper, shorts and socks; preserve sleeve/hand overlap with rear/front garment or masks; no cap or shoes","home, run, wardrobe, challenge, result, profile, market preview"
male-sit-outfit-studio-olive,outfit,MALE,SIT,STUDIO-OLIVE,NEW,,"same-frame upper, shorts and socks; preserve sleeve/hand overlap with rear/front garment or masks; no cap or shoes","home, run, wardrobe, challenge, result, profile, market preview"
male-sit-cap-starter-hoodie,cap,MALE,SIT,starter_hoodie,NEW,,"same-frame cap, brim and UP logo; rear/front or hair occlusion where required; selected by outfit ID",all equipped-character scenes
male-sit-cap-studio-pink,cap,MALE,SIT,STUDIO-PINK,NEW,,"same-frame cap, brim and UP logo; rear/front or hair occlusion where required; selected by outfit ID",all equipped-character scenes
male-sit-cap-studio-lavender,cap,MALE,SIT,STUDIO-LAVENDER,NEW,,"same-frame cap, brim and UP logo; rear/front or hair occlusion where required; selected by outfit ID",all equipped-character scenes
male-sit-cap-studio-olive,cap,MALE,SIT,STUDIO-OLIVE,NEW,,"same-frame cap, brim and UP logo; rear/front or hair occlusion where required; selected by outfit ID",all equipped-character scenes
male-sit-worn_shoes-shoes-base,worn_shoes,MALE,SIT,SHOES-BASE,NEW,,"same-frame left/right worn pair, sole and foot contact; rear/front and occlusion where required; not the product thumbnail",all equipped-character scenes
male-sit-worn_shoes-fir-001,worn_shoes,MALE,SIT,FIR-001,NEW,,"same-frame left/right worn pair, sole and foot contact; rear/front and occlusion where required; not the product thumbnail",all equipped-character scenes
male-sit-worn_shoes-fir-002,worn_shoes,MALE,SIT,FIR-002,NEW,,"same-frame left/right worn pair, sole and foot contact; rear/front and occlusion where required; not the product thumbnail",all equipped-character scenes
male-sit-worn_shoes-fir-003,worn_shoes,MALE,SIT,FIR-003,NEW,,"same-frame left/right worn pair, sole and foot contact; rear/front and occlusion where required; not the product thumbnail",all equipped-character scenes
male-sit-worn_shoes-fir-004,worn_shoes,MALE,SIT,FIR-004,NEW,,"same-frame left/right worn pair, sole and foot contact; rear/front and occlusion where required; not the product thumbnail",all equipped-character scenes
male-sit-worn_shoes-fir-005,worn_shoes,MALE,SIT,FIR-005,NEW,,"same-frame left/right worn pair, sole and foot contact; rear/front and occlusion where required; not the product thumbnail",all equipped-character scenes
male-sit-worn_shoes-fir-006,worn_shoes,MALE,SIT,FIR-006,NEW,,"same-frame left/right worn pair, sole and foot contact; rear/front and occlusion where required; not the product thumbnail",all equipped-character scenes
male-sit-worn_shoes-fir-007,worn_shoes,MALE,SIT,FIR-007,NEW,,"same-frame left/right worn pair, sole and foot contact; rear/front and occlusion where required; not the product thumbnail",all equipped-character scenes
male-sit-worn_shoes-fir-008,worn_shoes,MALE,SIT,FIR-008,NEW,,"same-frame left/right worn pair, sole and foot contact; rear/front and occlusion where required; not the product thumbnail",all equipped-character scenes
male-sit-worn_shoes-fir-009,worn_shoes,MALE,SIT,FIR-009,NEW,,"same-frame left/right worn pair, sole and foot contact; rear/front and occlusion where required; not the product thumbnail",all equipped-character scenes
male-sit-worn_shoes-fir-010,worn_shoes,MALE,SIT,FIR-010,NEW,,"same-frame left/right worn pair, sole and foot contact; rear/front and occlusion where required; not the product thumbnail",all equipped-character scenes
male-sit-worn_shoes-fir-011,worn_shoes,MALE,SIT,FIR-011,NEW,,"same-frame left/right worn pair, sole and foot contact; rear/front and occlusion where required; not the product thumbnail",all equipped-character scenes
male-sit-worn_shoes-fir-012,worn_shoes,MALE,SIT,FIR-012,NEW,,"same-frame left/right worn pair, sole and foot contact; rear/front and occlusion where required; not the product thumbnail",all equipped-character scenes
male-sit-worn_shoes-fir-013,worn_shoes,MALE,SIT,FIR-013,NEW,,"same-frame left/right worn pair, sole and foot contact; rear/front and occlusion where required; not the product thumbnail",all equipped-character scenes
male-sit-worn_shoes-wat-001,worn_shoes,MALE,SIT,WAT-001,NEW,,"same-frame left/right worn pair, sole and foot contact; rear/front and occlusion where required; not the product thumbnail",all equipped-character scenes
male-sit-worn_shoes-wat-002,worn_shoes,MALE,SIT,WAT-002,NEW,,"same-frame left/right worn pair, sole and foot contact; rear/front and occlusion where required; not the product thumbnail",all equipped-character scenes
male-sit-worn_shoes-wat-003,worn_shoes,MALE,SIT,WAT-003,NEW,,"same-frame left/right worn pair, sole and foot contact; rear/front and occlusion where required; not the product thumbnail",all equipped-character scenes
male-sit-worn_shoes-wat-004,worn_shoes,MALE,SIT,WAT-004,NEW,,"same-frame left/right worn pair, sole and foot contact; rear/front and occlusion where required; not the product thumbnail",all equipped-character scenes
male-sit-worn_shoes-wat-005,worn_shoes,MALE,SIT,WAT-005,NEW,,"same-frame left/right worn pair, sole and foot contact; rear/front and occlusion where required; not the product thumbnail",all equipped-character scenes
male-sit-worn_shoes-wat-006,worn_shoes,MALE,SIT,WAT-006,NEW,,"same-frame left/right worn pair, sole and foot contact; rear/front and occlusion where required; not the product thumbnail",all equipped-character scenes
male-sit-worn_shoes-wat-007,worn_shoes,MALE,SIT,WAT-007,NEW,,"same-frame left/right worn pair, sole and foot contact; rear/front and occlusion where required; not the product thumbnail",all equipped-character scenes
male-sit-worn_shoes-wat-008,worn_shoes,MALE,SIT,WAT-008,NEW,,"same-frame left/right worn pair, sole and foot contact; rear/front and occlusion where required; not the product thumbnail",all equipped-character scenes
male-sit-worn_shoes-wat-009,worn_shoes,MALE,SIT,WAT-009,NEW,,"same-frame left/right worn pair, sole and foot contact; rear/front and occlusion where required; not the product thumbnail",all equipped-character scenes
male-sit-worn_shoes-wat-010,worn_shoes,MALE,SIT,WAT-010,NEW,,"same-frame left/right worn pair, sole and foot contact; rear/front and occlusion where required; not the product thumbnail",all equipped-character scenes
male-sit-worn_shoes-wat-011,worn_shoes,MALE,SIT,WAT-011,NEW,,"same-frame left/right worn pair, sole and foot contact; rear/front and occlusion where required; not the product thumbnail",all equipped-character scenes
male-sit-worn_shoes-wat-012,worn_shoes,MALE,SIT,WAT-012,NEW,,"same-frame left/right worn pair, sole and foot contact; rear/front and occlusion where required; not the product thumbnail",all equipped-character scenes
male-sit-worn_shoes-wat-013,worn_shoes,MALE,SIT,WAT-013,NEW,,"same-frame left/right worn pair, sole and foot contact; rear/front and occlusion where required; not the product thumbnail",all equipped-character scenes
male-sit-worn_shoes-lit-001,worn_shoes,MALE,SIT,LIT-001,NEW,,"same-frame left/right worn pair, sole and foot contact; rear/front and occlusion where required; not the product thumbnail",all equipped-character scenes
male-sit-worn_shoes-lit-002,worn_shoes,MALE,SIT,LIT-002,NEW,,"same-frame left/right worn pair, sole and foot contact; rear/front and occlusion where required; not the product thumbnail",all equipped-character scenes
male-sit-worn_shoes-lit-003,worn_shoes,MALE,SIT,LIT-003,NEW,,"same-frame left/right worn pair, sole and foot contact; rear/front and occlusion where required; not the product thumbnail",all equipped-character scenes
male-sit-worn_shoes-lit-004,worn_shoes,MALE,SIT,LIT-004,NEW,,"same-frame left/right worn pair, sole and foot contact; rear/front and occlusion where required; not the product thumbnail",all equipped-character scenes
male-sit-worn_shoes-lit-005,worn_shoes,MALE,SIT,LIT-005,NEW,,"same-frame left/right worn pair, sole and foot contact; rear/front and occlusion where required; not the product thumbnail",all equipped-character scenes
male-sit-worn_shoes-lit-006,worn_shoes,MALE,SIT,LIT-006,NEW,,"same-frame left/right worn pair, sole and foot contact; rear/front and occlusion where required; not the product thumbnail",all equipped-character scenes
male-sit-worn_shoes-lit-007,worn_shoes,MALE,SIT,LIT-007,NEW,,"same-frame left/right worn pair, sole and foot contact; rear/front and occlusion where required; not the product thumbnail",all equipped-character scenes
male-sit-worn_shoes-lit-008,worn_shoes,MALE,SIT,LIT-008,NEW,,"same-frame left/right worn pair, sole and foot contact; rear/front and occlusion where required; not the product thumbnail",all equipped-character scenes
male-sit-worn_shoes-lit-009,worn_shoes,MALE,SIT,LIT-009,NEW,,"same-frame left/right worn pair, sole and foot contact; rear/front and occlusion where required; not the product thumbnail",all equipped-character scenes
male-sit-worn_shoes-lit-010,worn_shoes,MALE,SIT,LIT-010,NEW,,"same-frame left/right worn pair, sole and foot contact; rear/front and occlusion where required; not the product thumbnail",all equipped-character scenes
male-sit-worn_shoes-lit-011,worn_shoes,MALE,SIT,LIT-011,NEW,,"same-frame left/right worn pair, sole and foot contact; rear/front and occlusion where required; not the product thumbnail",all equipped-character scenes
male-sit-worn_shoes-lit-012,worn_shoes,MALE,SIT,LIT-012,NEW,,"same-frame left/right worn pair, sole and foot contact; rear/front and occlusion where required; not the product thumbnail",all equipped-character scenes
male-sit-worn_shoes-lit-013,worn_shoes,MALE,SIT,LIT-013,NEW,,"same-frame left/right worn pair, sole and foot contact; rear/front and occlusion where required; not the product thumbnail",all equipped-character scenes
male-sit-worn_shoes-wnd-001,worn_shoes,MALE,SIT,WND-001,NEW,,"same-frame left/right worn pair, sole and foot contact; rear/front and occlusion where required; not the product thumbnail",all equipped-character scenes
male-sit-worn_shoes-wnd-002,worn_shoes,MALE,SIT,WND-002,NEW,,"same-frame left/right worn pair, sole and foot contact; rear/front and occlusion where required; not the product thumbnail",all equipped-character scenes
male-sit-worn_shoes-wnd-003,worn_shoes,MALE,SIT,WND-003,NEW,,"same-frame left/right worn pair, sole and foot contact; rear/front and occlusion where required; not the product thumbnail",all equipped-character scenes
male-sit-worn_shoes-wnd-004,worn_shoes,MALE,SIT,WND-004,NEW,,"same-frame left/right worn pair, sole and foot contact; rear/front and occlusion where required; not the product thumbnail",all equipped-character scenes
male-sit-worn_shoes-wnd-005,worn_shoes,MALE,SIT,WND-005,NEW,,"same-frame left/right worn pair, sole and foot contact; rear/front and occlusion where required; not the product thumbnail",all equipped-character scenes
male-sit-worn_shoes-wnd-006,worn_shoes,MALE,SIT,WND-006,NEW,,"same-frame left/right worn pair, sole and foot contact; rear/front and occlusion where required; not the product thumbnail",all equipped-character scenes
male-sit-worn_shoes-wnd-007,worn_shoes,MALE,SIT,WND-007,NEW,,"same-frame left/right worn pair, sole and foot contact; rear/front and occlusion where required; not the product thumbnail",all equipped-character scenes
male-sit-worn_shoes-wnd-008,worn_shoes,MALE,SIT,WND-008,NEW,,"same-frame left/right worn pair, sole and foot contact; rear/front and occlusion where required; not the product thumbnail",all equipped-character scenes
male-sit-worn_shoes-wnd-009,worn_shoes,MALE,SIT,WND-009,NEW,,"same-frame left/right worn pair, sole and foot contact; rear/front and occlusion where required; not the product thumbnail",all equipped-character scenes
male-sit-worn_shoes-wnd-010,worn_shoes,MALE,SIT,WND-010,NEW,,"same-frame left/right worn pair, sole and foot contact; rear/front and occlusion where required; not the product thumbnail",all equipped-character scenes
male-sit-worn_shoes-wnd-011,worn_shoes,MALE,SIT,WND-011,NEW,,"same-frame left/right worn pair, sole and foot contact; rear/front and occlusion where required; not the product thumbnail",all equipped-character scenes
male-sit-worn_shoes-wnd-012,worn_shoes,MALE,SIT,WND-012,NEW,,"same-frame left/right worn pair, sole and foot contact; rear/front and occlusion where required; not the product thumbnail",all equipped-character scenes
male-sit-worn_shoes-wnd-013,worn_shoes,MALE,SIT,WND-013,NEW,,"same-frame left/right worn pair, sole and foot contact; rear/front and occlusion where required; not the product thumbnail",all equipped-character scenes
female-idle-body-base,body,FEMALE,IDLE,base,REWORK_PILOT,design/redesign-2026-09/assets/modular/lumi-idle-base-pilot.png,"1024x1536 transparent aligned body/face/eyes/skin; rear hair/arms and front hair/hands/occlusion layers; no outfit, cap or shoe",all character scenes
female-idle-outfit-starter-hoodie,outfit,FEMALE,IDLE,starter_hoodie,NEW,,"same-frame upper, shorts and socks; preserve sleeve/hand overlap with rear/front garment or masks; no cap or shoes","home, run, wardrobe, challenge, result, profile, market preview"
female-idle-outfit-clo-001,outfit,FEMALE,IDLE,CLO-001,NEW,,"same-frame upper, shorts and socks; preserve sleeve/hand overlap with rear/front garment or masks; no cap or shoes","home, run, wardrobe, challenge, result, profile, market preview"
female-idle-outfit-clo-002,outfit,FEMALE,IDLE,CLO-002,NEW,,"same-frame upper, shorts and socks; preserve sleeve/hand overlap with rear/front garment or masks; no cap or shoes","home, run, wardrobe, challenge, result, profile, market preview"
female-idle-outfit-clo-003,outfit,FEMALE,IDLE,CLO-003,NEW,,"same-frame upper, shorts and socks; preserve sleeve/hand overlap with rear/front garment or masks; no cap or shoes","home, run, wardrobe, challenge, result, profile, market preview"
female-idle-outfit-clo-004,outfit,FEMALE,IDLE,CLO-004,NEW,,"same-frame upper, shorts and socks; preserve sleeve/hand overlap with rear/front garment or masks; no cap or shoes","home, run, wardrobe, challenge, result, profile, market preview"
female-idle-outfit-clo-005,outfit,FEMALE,IDLE,CLO-005,NEW,,"same-frame upper, shorts and socks; preserve sleeve/hand overlap with rear/front garment or masks; no cap or shoes","home, run, wardrobe, challenge, result, profile, market preview"
female-idle-outfit-studio-pink,outfit,FEMALE,IDLE,STUDIO-PINK,REWORK_PILOT,design/redesign-2026-09/assets/modular/lumi-idle-outfit-pink-pilot.png,"same-frame upper, shorts and socks; preserve sleeve/hand overlap with rear/front garment or masks; no cap or shoes","home, run, wardrobe, challenge, result, profile, market preview"
female-idle-outfit-studio-lavender,outfit,FEMALE,IDLE,STUDIO-LAVENDER,REWORK_PILOT,design/redesign-2026-09/assets/modular/lumi-idle-outfit-lavender-pilot.png,"same-frame upper, shorts and socks; preserve sleeve/hand overlap with rear/front garment or masks; no cap or shoes","home, run, wardrobe, challenge, result, profile, market preview"
female-idle-outfit-studio-olive,outfit,FEMALE,IDLE,STUDIO-OLIVE,NEW,,"same-frame upper, shorts and socks; preserve sleeve/hand overlap with rear/front garment or masks; no cap or shoes","home, run, wardrobe, challenge, result, profile, market preview"
female-idle-cap-starter-hoodie,cap,FEMALE,IDLE,starter_hoodie,NEW,,"same-frame cap, brim and UP logo; rear/front or hair occlusion where required; selected by outfit ID",all equipped-character scenes
female-idle-cap-clo-001,cap,FEMALE,IDLE,CLO-001,NEW,,"same-frame cap, brim and UP logo; rear/front or hair occlusion where required; selected by outfit ID",all equipped-character scenes
female-idle-cap-clo-002,cap,FEMALE,IDLE,CLO-002,NEW,,"same-frame cap, brim and UP logo; rear/front or hair occlusion where required; selected by outfit ID",all equipped-character scenes
female-idle-cap-clo-003,cap,FEMALE,IDLE,CLO-003,NEW,,"same-frame cap, brim and UP logo; rear/front or hair occlusion where required; selected by outfit ID",all equipped-character scenes
female-idle-cap-clo-004,cap,FEMALE,IDLE,CLO-004,NEW,,"same-frame cap, brim and UP logo; rear/front or hair occlusion where required; selected by outfit ID",all equipped-character scenes
female-idle-cap-clo-005,cap,FEMALE,IDLE,CLO-005,NEW,,"same-frame cap, brim and UP logo; rear/front or hair occlusion where required; selected by outfit ID",all equipped-character scenes
female-idle-cap-studio-pink,cap,FEMALE,IDLE,STUDIO-PINK,REWORK_PILOT,design/redesign-2026-09/assets/modular/lumi-idle-cap-pink-pilot.png,"same-frame cap, brim and UP logo; rear/front or hair occlusion where required; selected by outfit ID",all equipped-character scenes
female-idle-cap-studio-lavender,cap,FEMALE,IDLE,STUDIO-LAVENDER,NEW,,"same-frame cap, brim and UP logo; rear/front or hair occlusion where required; selected by outfit ID",all equipped-character scenes
female-idle-cap-studio-olive,cap,FEMALE,IDLE,STUDIO-OLIVE,NEW,,"same-frame cap, brim and UP logo; rear/front or hair occlusion where required; selected by outfit ID",all equipped-character scenes
female-idle-worn_shoes-shoes-base,worn_shoes,FEMALE,IDLE,SHOES-BASE,NEW,,"same-frame left/right worn pair, sole and foot contact; rear/front and occlusion where required; not the product thumbnail",all equipped-character scenes
female-idle-worn_shoes-fir-001,worn_shoes,FEMALE,IDLE,FIR-001,NEW,,"same-frame left/right worn pair, sole and foot contact; rear/front and occlusion where required; not the product thumbnail",all equipped-character scenes
female-idle-worn_shoes-fir-002,worn_shoes,FEMALE,IDLE,FIR-002,NEW,,"same-frame left/right worn pair, sole and foot contact; rear/front and occlusion where required; not the product thumbnail",all equipped-character scenes
female-idle-worn_shoes-fir-003,worn_shoes,FEMALE,IDLE,FIR-003,NEW,,"same-frame left/right worn pair, sole and foot contact; rear/front and occlusion where required; not the product thumbnail",all equipped-character scenes
female-idle-worn_shoes-fir-004,worn_shoes,FEMALE,IDLE,FIR-004,NEW,,"same-frame left/right worn pair, sole and foot contact; rear/front and occlusion where required; not the product thumbnail",all equipped-character scenes
female-idle-worn_shoes-fir-005,worn_shoes,FEMALE,IDLE,FIR-005,NEW,,"same-frame left/right worn pair, sole and foot contact; rear/front and occlusion where required; not the product thumbnail",all equipped-character scenes
female-idle-worn_shoes-fir-006,worn_shoes,FEMALE,IDLE,FIR-006,NEW,,"same-frame left/right worn pair, sole and foot contact; rear/front and occlusion where required; not the product thumbnail",all equipped-character scenes
female-idle-worn_shoes-fir-007,worn_shoes,FEMALE,IDLE,FIR-007,NEW,,"same-frame left/right worn pair, sole and foot contact; rear/front and occlusion where required; not the product thumbnail",all equipped-character scenes
female-idle-worn_shoes-fir-008,worn_shoes,FEMALE,IDLE,FIR-008,NEW,,"same-frame left/right worn pair, sole and foot contact; rear/front and occlusion where required; not the product thumbnail",all equipped-character scenes
female-idle-worn_shoes-fir-009,worn_shoes,FEMALE,IDLE,FIR-009,NEW,,"same-frame left/right worn pair, sole and foot contact; rear/front and occlusion where required; not the product thumbnail",all equipped-character scenes
female-idle-worn_shoes-fir-010,worn_shoes,FEMALE,IDLE,FIR-010,NEW,,"same-frame left/right worn pair, sole and foot contact; rear/front and occlusion where required; not the product thumbnail",all equipped-character scenes
female-idle-worn_shoes-fir-011,worn_shoes,FEMALE,IDLE,FIR-011,NEW,,"same-frame left/right worn pair, sole and foot contact; rear/front and occlusion where required; not the product thumbnail",all equipped-character scenes
female-idle-worn_shoes-fir-012,worn_shoes,FEMALE,IDLE,FIR-012,NEW,,"same-frame left/right worn pair, sole and foot contact; rear/front and occlusion where required; not the product thumbnail",all equipped-character scenes
female-idle-worn_shoes-fir-013,worn_shoes,FEMALE,IDLE,FIR-013,NEW,,"same-frame left/right worn pair, sole and foot contact; rear/front and occlusion where required; not the product thumbnail",all equipped-character scenes
female-idle-worn_shoes-wat-001,worn_shoes,FEMALE,IDLE,WAT-001,NEW,,"same-frame left/right worn pair, sole and foot contact; rear/front and occlusion where required; not the product thumbnail",all equipped-character scenes
female-idle-worn_shoes-wat-002,worn_shoes,FEMALE,IDLE,WAT-002,NEW,,"same-frame left/right worn pair, sole and foot contact; rear/front and occlusion where required; not the product thumbnail",all equipped-character scenes
female-idle-worn_shoes-wat-003,worn_shoes,FEMALE,IDLE,WAT-003,NEW,,"same-frame left/right worn pair, sole and foot contact; rear/front and occlusion where required; not the product thumbnail",all equipped-character scenes
female-idle-worn_shoes-wat-004,worn_shoes,FEMALE,IDLE,WAT-004,NEW,,"same-frame left/right worn pair, sole and foot contact; rear/front and occlusion where required; not the product thumbnail",all equipped-character scenes
female-idle-worn_shoes-wat-005,worn_shoes,FEMALE,IDLE,WAT-005,NEW,,"same-frame left/right worn pair, sole and foot contact; rear/front and occlusion where required; not the product thumbnail",all equipped-character scenes
female-idle-worn_shoes-wat-006,worn_shoes,FEMALE,IDLE,WAT-006,NEW,,"same-frame left/right worn pair, sole and foot contact; rear/front and occlusion where required; not the product thumbnail",all equipped-character scenes
female-idle-worn_shoes-wat-007,worn_shoes,FEMALE,IDLE,WAT-007,NEW,,"same-frame left/right worn pair, sole and foot contact; rear/front and occlusion where required; not the product thumbnail",all equipped-character scenes
female-idle-worn_shoes-wat-008,worn_shoes,FEMALE,IDLE,WAT-008,NEW,,"same-frame left/right worn pair, sole and foot contact; rear/front and occlusion where required; not the product thumbnail",all equipped-character scenes
female-idle-worn_shoes-wat-009,worn_shoes,FEMALE,IDLE,WAT-009,NEW,,"same-frame left/right worn pair, sole and foot contact; rear/front and occlusion where required; not the product thumbnail",all equipped-character scenes
female-idle-worn_shoes-wat-010,worn_shoes,FEMALE,IDLE,WAT-010,NEW,,"same-frame left/right worn pair, sole and foot contact; rear/front and occlusion where required; not the product thumbnail",all equipped-character scenes
female-idle-worn_shoes-wat-011,worn_shoes,FEMALE,IDLE,WAT-011,NEW,,"same-frame left/right worn pair, sole and foot contact; rear/front and occlusion where required; not the product thumbnail",all equipped-character scenes
female-idle-worn_shoes-wat-012,worn_shoes,FEMALE,IDLE,WAT-012,NEW,,"same-frame left/right worn pair, sole and foot contact; rear/front and occlusion where required; not the product thumbnail",all equipped-character scenes
female-idle-worn_shoes-wat-013,worn_shoes,FEMALE,IDLE,WAT-013,NEW,,"same-frame left/right worn pair, sole and foot contact; rear/front and occlusion where required; not the product thumbnail",all equipped-character scenes
female-idle-worn_shoes-lit-001,worn_shoes,FEMALE,IDLE,LIT-001,NEW,,"same-frame left/right worn pair, sole and foot contact; rear/front and occlusion where required; not the product thumbnail",all equipped-character scenes
female-idle-worn_shoes-lit-002,worn_shoes,FEMALE,IDLE,LIT-002,NEW,,"same-frame left/right worn pair, sole and foot contact; rear/front and occlusion where required; not the product thumbnail",all equipped-character scenes
female-idle-worn_shoes-lit-003,worn_shoes,FEMALE,IDLE,LIT-003,NEW,,"same-frame left/right worn pair, sole and foot contact; rear/front and occlusion where required; not the product thumbnail",all equipped-character scenes
female-idle-worn_shoes-lit-004,worn_shoes,FEMALE,IDLE,LIT-004,NEW,,"same-frame left/right worn pair, sole and foot contact; rear/front and occlusion where required; not the product thumbnail",all equipped-character scenes
female-idle-worn_shoes-lit-005,worn_shoes,FEMALE,IDLE,LIT-005,NEW,,"same-frame left/right worn pair, sole and foot contact; rear/front and occlusion where required; not the product thumbnail",all equipped-character scenes
female-idle-worn_shoes-lit-006,worn_shoes,FEMALE,IDLE,LIT-006,NEW,,"same-frame left/right worn pair, sole and foot contact; rear/front and occlusion where required; not the product thumbnail",all equipped-character scenes
female-idle-worn_shoes-lit-007,worn_shoes,FEMALE,IDLE,LIT-007,NEW,,"same-frame left/right worn pair, sole and foot contact; rear/front and occlusion where required; not the product thumbnail",all equipped-character scenes
female-idle-worn_shoes-lit-008,worn_shoes,FEMALE,IDLE,LIT-008,NEW,,"same-frame left/right worn pair, sole and foot contact; rear/front and occlusion where required; not the product thumbnail",all equipped-character scenes
female-idle-worn_shoes-lit-009,worn_shoes,FEMALE,IDLE,LIT-009,NEW,,"same-frame left/right worn pair, sole and foot contact; rear/front and occlusion where required; not the product thumbnail",all equipped-character scenes
female-idle-worn_shoes-lit-010,worn_shoes,FEMALE,IDLE,LIT-010,NEW,,"same-frame left/right worn pair, sole and foot contact; rear/front and occlusion where required; not the product thumbnail",all equipped-character scenes
female-idle-worn_shoes-lit-011,worn_shoes,FEMALE,IDLE,LIT-011,NEW,,"same-frame left/right worn pair, sole and foot contact; rear/front and occlusion where required; not the product thumbnail",all equipped-character scenes
female-idle-worn_shoes-lit-012,worn_shoes,FEMALE,IDLE,LIT-012,NEW,,"same-frame left/right worn pair, sole and foot contact; rear/front and occlusion where required; not the product thumbnail",all equipped-character scenes
female-idle-worn_shoes-lit-013,worn_shoes,FEMALE,IDLE,LIT-013,NEW,,"same-frame left/right worn pair, sole and foot contact; rear/front and occlusion where required; not the product thumbnail",all equipped-character scenes
female-idle-worn_shoes-wnd-001,worn_shoes,FEMALE,IDLE,WND-001,NEW,,"same-frame left/right worn pair, sole and foot contact; rear/front and occlusion where required; not the product thumbnail",all equipped-character scenes
female-idle-worn_shoes-wnd-002,worn_shoes,FEMALE,IDLE,WND-002,NEW,,"same-frame left/right worn pair, sole and foot contact; rear/front and occlusion where required; not the product thumbnail",all equipped-character scenes
female-idle-worn_shoes-wnd-003,worn_shoes,FEMALE,IDLE,WND-003,NEW,,"same-frame left/right worn pair, sole and foot contact; rear/front and occlusion where required; not the product thumbnail",all equipped-character scenes
female-idle-worn_shoes-wnd-004,worn_shoes,FEMALE,IDLE,WND-004,NEW,,"same-frame left/right worn pair, sole and foot contact; rear/front and occlusion where required; not the product thumbnail",all equipped-character scenes
female-idle-worn_shoes-wnd-005,worn_shoes,FEMALE,IDLE,WND-005,NEW,,"same-frame left/right worn pair, sole and foot contact; rear/front and occlusion where required; not the product thumbnail",all equipped-character scenes
female-idle-worn_shoes-wnd-006,worn_shoes,FEMALE,IDLE,WND-006,NEW,,"same-frame left/right worn pair, sole and foot contact; rear/front and occlusion where required; not the product thumbnail",all equipped-character scenes
female-idle-worn_shoes-wnd-007,worn_shoes,FEMALE,IDLE,WND-007,NEW,,"same-frame left/right worn pair, sole and foot contact; rear/front and occlusion where required; not the product thumbnail",all equipped-character scenes
female-idle-worn_shoes-wnd-008,worn_shoes,FEMALE,IDLE,WND-008,NEW,,"same-frame left/right worn pair, sole and foot contact; rear/front and occlusion where required; not the product thumbnail",all equipped-character scenes
female-idle-worn_shoes-wnd-009,worn_shoes,FEMALE,IDLE,WND-009,NEW,,"same-frame left/right worn pair, sole and foot contact; rear/front and occlusion where required; not the product thumbnail",all equipped-character scenes
female-idle-worn_shoes-wnd-010,worn_shoes,FEMALE,IDLE,WND-010,REWORK_PILOT,design/redesign-2026-09/assets/modular/lumi-idle-shoes-teal-pilot.png,"same-frame left/right worn pair, sole and foot contact; rear/front and occlusion where required; not the product thumbnail",all equipped-character scenes
female-idle-worn_shoes-wnd-011,worn_shoes,FEMALE,IDLE,WND-011,NEW,,"same-frame left/right worn pair, sole and foot contact; rear/front and occlusion where required; not the product thumbnail",all equipped-character scenes
female-idle-worn_shoes-wnd-012,worn_shoes,FEMALE,IDLE,WND-012,NEW,,"same-frame left/right worn pair, sole and foot contact; rear/front and occlusion where required; not the product thumbnail",all equipped-character scenes
female-idle-worn_shoes-wnd-013,worn_shoes,FEMALE,IDLE,WND-013,NEW,,"same-frame left/right worn pair, sole and foot contact; rear/front and occlusion where required; not the product thumbnail",all equipped-character scenes
female-run-body-base,body,FEMALE,RUN,base,NEW,,"1024x1536 transparent aligned body/face/eyes/skin; rear hair/arms and front hair/hands/occlusion layers; no outfit, cap or shoe",all character scenes
female-run-outfit-starter-hoodie,outfit,FEMALE,RUN,starter_hoodie,NEW,,"same-frame upper, shorts and socks; preserve sleeve/hand overlap with rear/front garment or masks; no cap or shoes","home, run, wardrobe, challenge, result, profile, market preview"
female-run-outfit-clo-001,outfit,FEMALE,RUN,CLO-001,NEW,,"same-frame upper, shorts and socks; preserve sleeve/hand overlap with rear/front garment or masks; no cap or shoes","home, run, wardrobe, challenge, result, profile, market preview"
female-run-outfit-clo-002,outfit,FEMALE,RUN,CLO-002,NEW,,"same-frame upper, shorts and socks; preserve sleeve/hand overlap with rear/front garment or masks; no cap or shoes","home, run, wardrobe, challenge, result, profile, market preview"
female-run-outfit-clo-003,outfit,FEMALE,RUN,CLO-003,NEW,,"same-frame upper, shorts and socks; preserve sleeve/hand overlap with rear/front garment or masks; no cap or shoes","home, run, wardrobe, challenge, result, profile, market preview"
female-run-outfit-clo-004,outfit,FEMALE,RUN,CLO-004,NEW,,"same-frame upper, shorts and socks; preserve sleeve/hand overlap with rear/front garment or masks; no cap or shoes","home, run, wardrobe, challenge, result, profile, market preview"
female-run-outfit-clo-005,outfit,FEMALE,RUN,CLO-005,NEW,,"same-frame upper, shorts and socks; preserve sleeve/hand overlap with rear/front garment or masks; no cap or shoes","home, run, wardrobe, challenge, result, profile, market preview"
female-run-outfit-studio-pink,outfit,FEMALE,RUN,STUDIO-PINK,NEW,,"same-frame upper, shorts and socks; preserve sleeve/hand overlap with rear/front garment or masks; no cap or shoes","home, run, wardrobe, challenge, result, profile, market preview"
female-run-outfit-studio-lavender,outfit,FEMALE,RUN,STUDIO-LAVENDER,NEW,,"same-frame upper, shorts and socks; preserve sleeve/hand overlap with rear/front garment or masks; no cap or shoes","home, run, wardrobe, challenge, result, profile, market preview"
female-run-outfit-studio-olive,outfit,FEMALE,RUN,STUDIO-OLIVE,NEW,,"same-frame upper, shorts and socks; preserve sleeve/hand overlap with rear/front garment or masks; no cap or shoes","home, run, wardrobe, challenge, result, profile, market preview"
female-run-cap-starter-hoodie,cap,FEMALE,RUN,starter_hoodie,NEW,,"same-frame cap, brim and UP logo; rear/front or hair occlusion where required; selected by outfit ID",all equipped-character scenes
female-run-cap-clo-001,cap,FEMALE,RUN,CLO-001,NEW,,"same-frame cap, brim and UP logo; rear/front or hair occlusion where required; selected by outfit ID",all equipped-character scenes
female-run-cap-clo-002,cap,FEMALE,RUN,CLO-002,NEW,,"same-frame cap, brim and UP logo; rear/front or hair occlusion where required; selected by outfit ID",all equipped-character scenes
female-run-cap-clo-003,cap,FEMALE,RUN,CLO-003,NEW,,"same-frame cap, brim and UP logo; rear/front or hair occlusion where required; selected by outfit ID",all equipped-character scenes
female-run-cap-clo-004,cap,FEMALE,RUN,CLO-004,NEW,,"same-frame cap, brim and UP logo; rear/front or hair occlusion where required; selected by outfit ID",all equipped-character scenes
female-run-cap-clo-005,cap,FEMALE,RUN,CLO-005,NEW,,"same-frame cap, brim and UP logo; rear/front or hair occlusion where required; selected by outfit ID",all equipped-character scenes
female-run-cap-studio-pink,cap,FEMALE,RUN,STUDIO-PINK,NEW,,"same-frame cap, brim and UP logo; rear/front or hair occlusion where required; selected by outfit ID",all equipped-character scenes
female-run-cap-studio-lavender,cap,FEMALE,RUN,STUDIO-LAVENDER,NEW,,"same-frame cap, brim and UP logo; rear/front or hair occlusion where required; selected by outfit ID",all equipped-character scenes
female-run-cap-studio-olive,cap,FEMALE,RUN,STUDIO-OLIVE,NEW,,"same-frame cap, brim and UP logo; rear/front or hair occlusion where required; selected by outfit ID",all equipped-character scenes
female-run-worn_shoes-shoes-base,worn_shoes,FEMALE,RUN,SHOES-BASE,NEW,,"same-frame left/right worn pair, sole and foot contact; rear/front and occlusion where required; not the product thumbnail",all equipped-character scenes
female-run-worn_shoes-fir-001,worn_shoes,FEMALE,RUN,FIR-001,NEW,,"same-frame left/right worn pair, sole and foot contact; rear/front and occlusion where required; not the product thumbnail",all equipped-character scenes
female-run-worn_shoes-fir-002,worn_shoes,FEMALE,RUN,FIR-002,NEW,,"same-frame left/right worn pair, sole and foot contact; rear/front and occlusion where required; not the product thumbnail",all equipped-character scenes
female-run-worn_shoes-fir-003,worn_shoes,FEMALE,RUN,FIR-003,NEW,,"same-frame left/right worn pair, sole and foot contact; rear/front and occlusion where required; not the product thumbnail",all equipped-character scenes
female-run-worn_shoes-fir-004,worn_shoes,FEMALE,RUN,FIR-004,NEW,,"same-frame left/right worn pair, sole and foot contact; rear/front and occlusion where required; not the product thumbnail",all equipped-character scenes
female-run-worn_shoes-fir-005,worn_shoes,FEMALE,RUN,FIR-005,NEW,,"same-frame left/right worn pair, sole and foot contact; rear/front and occlusion where required; not the product thumbnail",all equipped-character scenes
female-run-worn_shoes-fir-006,worn_shoes,FEMALE,RUN,FIR-006,NEW,,"same-frame left/right worn pair, sole and foot contact; rear/front and occlusion where required; not the product thumbnail",all equipped-character scenes
female-run-worn_shoes-fir-007,worn_shoes,FEMALE,RUN,FIR-007,NEW,,"same-frame left/right worn pair, sole and foot contact; rear/front and occlusion where required; not the product thumbnail",all equipped-character scenes
female-run-worn_shoes-fir-008,worn_shoes,FEMALE,RUN,FIR-008,NEW,,"same-frame left/right worn pair, sole and foot contact; rear/front and occlusion where required; not the product thumbnail",all equipped-character scenes
female-run-worn_shoes-fir-009,worn_shoes,FEMALE,RUN,FIR-009,NEW,,"same-frame left/right worn pair, sole and foot contact; rear/front and occlusion where required; not the product thumbnail",all equipped-character scenes
female-run-worn_shoes-fir-010,worn_shoes,FEMALE,RUN,FIR-010,NEW,,"same-frame left/right worn pair, sole and foot contact; rear/front and occlusion where required; not the product thumbnail",all equipped-character scenes
female-run-worn_shoes-fir-011,worn_shoes,FEMALE,RUN,FIR-011,NEW,,"same-frame left/right worn pair, sole and foot contact; rear/front and occlusion where required; not the product thumbnail",all equipped-character scenes
female-run-worn_shoes-fir-012,worn_shoes,FEMALE,RUN,FIR-012,NEW,,"same-frame left/right worn pair, sole and foot contact; rear/front and occlusion where required; not the product thumbnail",all equipped-character scenes
female-run-worn_shoes-fir-013,worn_shoes,FEMALE,RUN,FIR-013,NEW,,"same-frame left/right worn pair, sole and foot contact; rear/front and occlusion where required; not the product thumbnail",all equipped-character scenes
female-run-worn_shoes-wat-001,worn_shoes,FEMALE,RUN,WAT-001,NEW,,"same-frame left/right worn pair, sole and foot contact; rear/front and occlusion where required; not the product thumbnail",all equipped-character scenes
female-run-worn_shoes-wat-002,worn_shoes,FEMALE,RUN,WAT-002,NEW,,"same-frame left/right worn pair, sole and foot contact; rear/front and occlusion where required; not the product thumbnail",all equipped-character scenes
female-run-worn_shoes-wat-003,worn_shoes,FEMALE,RUN,WAT-003,NEW,,"same-frame left/right worn pair, sole and foot contact; rear/front and occlusion where required; not the product thumbnail",all equipped-character scenes
female-run-worn_shoes-wat-004,worn_shoes,FEMALE,RUN,WAT-004,NEW,,"same-frame left/right worn pair, sole and foot contact; rear/front and occlusion where required; not the product thumbnail",all equipped-character scenes
female-run-worn_shoes-wat-005,worn_shoes,FEMALE,RUN,WAT-005,NEW,,"same-frame left/right worn pair, sole and foot contact; rear/front and occlusion where required; not the product thumbnail",all equipped-character scenes
female-run-worn_shoes-wat-006,worn_shoes,FEMALE,RUN,WAT-006,NEW,,"same-frame left/right worn pair, sole and foot contact; rear/front and occlusion where required; not the product thumbnail",all equipped-character scenes
female-run-worn_shoes-wat-007,worn_shoes,FEMALE,RUN,WAT-007,NEW,,"same-frame left/right worn pair, sole and foot contact; rear/front and occlusion where required; not the product thumbnail",all equipped-character scenes
female-run-worn_shoes-wat-008,worn_shoes,FEMALE,RUN,WAT-008,NEW,,"same-frame left/right worn pair, sole and foot contact; rear/front and occlusion where required; not the product thumbnail",all equipped-character scenes
female-run-worn_shoes-wat-009,worn_shoes,FEMALE,RUN,WAT-009,NEW,,"same-frame left/right worn pair, sole and foot contact; rear/front and occlusion where required; not the product thumbnail",all equipped-character scenes
female-run-worn_shoes-wat-010,worn_shoes,FEMALE,RUN,WAT-010,NEW,,"same-frame left/right worn pair, sole and foot contact; rear/front and occlusion where required; not the product thumbnail",all equipped-character scenes
female-run-worn_shoes-wat-011,worn_shoes,FEMALE,RUN,WAT-011,NEW,,"same-frame left/right worn pair, sole and foot contact; rear/front and occlusion where required; not the product thumbnail",all equipped-character scenes
female-run-worn_shoes-wat-012,worn_shoes,FEMALE,RUN,WAT-012,NEW,,"same-frame left/right worn pair, sole and foot contact; rear/front and occlusion where required; not the product thumbnail",all equipped-character scenes
female-run-worn_shoes-wat-013,worn_shoes,FEMALE,RUN,WAT-013,NEW,,"same-frame left/right worn pair, sole and foot contact; rear/front and occlusion where required; not the product thumbnail",all equipped-character scenes
female-run-worn_shoes-lit-001,worn_shoes,FEMALE,RUN,LIT-001,NEW,,"same-frame left/right worn pair, sole and foot contact; rear/front and occlusion where required; not the product thumbnail",all equipped-character scenes
female-run-worn_shoes-lit-002,worn_shoes,FEMALE,RUN,LIT-002,NEW,,"same-frame left/right worn pair, sole and foot contact; rear/front and occlusion where required; not the product thumbnail",all equipped-character scenes
female-run-worn_shoes-lit-003,worn_shoes,FEMALE,RUN,LIT-003,NEW,,"same-frame left/right worn pair, sole and foot contact; rear/front and occlusion where required; not the product thumbnail",all equipped-character scenes
female-run-worn_shoes-lit-004,worn_shoes,FEMALE,RUN,LIT-004,NEW,,"same-frame left/right worn pair, sole and foot contact; rear/front and occlusion where required; not the product thumbnail",all equipped-character scenes
female-run-worn_shoes-lit-005,worn_shoes,FEMALE,RUN,LIT-005,NEW,,"same-frame left/right worn pair, sole and foot contact; rear/front and occlusion where required; not the product thumbnail",all equipped-character scenes
female-run-worn_shoes-lit-006,worn_shoes,FEMALE,RUN,LIT-006,NEW,,"same-frame left/right worn pair, sole and foot contact; rear/front and occlusion where required; not the product thumbnail",all equipped-character scenes
female-run-worn_shoes-lit-007,worn_shoes,FEMALE,RUN,LIT-007,NEW,,"same-frame left/right worn pair, sole and foot contact; rear/front and occlusion where required; not the product thumbnail",all equipped-character scenes
female-run-worn_shoes-lit-008,worn_shoes,FEMALE,RUN,LIT-008,NEW,,"same-frame left/right worn pair, sole and foot contact; rear/front and occlusion where required; not the product thumbnail",all equipped-character scenes
female-run-worn_shoes-lit-009,worn_shoes,FEMALE,RUN,LIT-009,NEW,,"same-frame left/right worn pair, sole and foot contact; rear/front and occlusion where required; not the product thumbnail",all equipped-character scenes
female-run-worn_shoes-lit-010,worn_shoes,FEMALE,RUN,LIT-010,NEW,,"same-frame left/right worn pair, sole and foot contact; rear/front and occlusion where required; not the product thumbnail",all equipped-character scenes
female-run-worn_shoes-lit-011,worn_shoes,FEMALE,RUN,LIT-011,NEW,,"same-frame left/right worn pair, sole and foot contact; rear/front and occlusion where required; not the product thumbnail",all equipped-character scenes
female-run-worn_shoes-lit-012,worn_shoes,FEMALE,RUN,LIT-012,NEW,,"same-frame left/right worn pair, sole and foot contact; rear/front and occlusion where required; not the product thumbnail",all equipped-character scenes
female-run-worn_shoes-lit-013,worn_shoes,FEMALE,RUN,LIT-013,NEW,,"same-frame left/right worn pair, sole and foot contact; rear/front and occlusion where required; not the product thumbnail",all equipped-character scenes
female-run-worn_shoes-wnd-001,worn_shoes,FEMALE,RUN,WND-001,NEW,,"same-frame left/right worn pair, sole and foot contact; rear/front and occlusion where required; not the product thumbnail",all equipped-character scenes
female-run-worn_shoes-wnd-002,worn_shoes,FEMALE,RUN,WND-002,NEW,,"same-frame left/right worn pair, sole and foot contact; rear/front and occlusion where required; not the product thumbnail",all equipped-character scenes
female-run-worn_shoes-wnd-003,worn_shoes,FEMALE,RUN,WND-003,NEW,,"same-frame left/right worn pair, sole and foot contact; rear/front and occlusion where required; not the product thumbnail",all equipped-character scenes
female-run-worn_shoes-wnd-004,worn_shoes,FEMALE,RUN,WND-004,NEW,,"same-frame left/right worn pair, sole and foot contact; rear/front and occlusion where required; not the product thumbnail",all equipped-character scenes
female-run-worn_shoes-wnd-005,worn_shoes,FEMALE,RUN,WND-005,NEW,,"same-frame left/right worn pair, sole and foot contact; rear/front and occlusion where required; not the product thumbnail",all equipped-character scenes
female-run-worn_shoes-wnd-006,worn_shoes,FEMALE,RUN,WND-006,NEW,,"same-frame left/right worn pair, sole and foot contact; rear/front and occlusion where required; not the product thumbnail",all equipped-character scenes
female-run-worn_shoes-wnd-007,worn_shoes,FEMALE,RUN,WND-007,NEW,,"same-frame left/right worn pair, sole and foot contact; rear/front and occlusion where required; not the product thumbnail",all equipped-character scenes
female-run-worn_shoes-wnd-008,worn_shoes,FEMALE,RUN,WND-008,NEW,,"same-frame left/right worn pair, sole and foot contact; rear/front and occlusion where required; not the product thumbnail",all equipped-character scenes
female-run-worn_shoes-wnd-009,worn_shoes,FEMALE,RUN,WND-009,NEW,,"same-frame left/right worn pair, sole and foot contact; rear/front and occlusion where required; not the product thumbnail",all equipped-character scenes
female-run-worn_shoes-wnd-010,worn_shoes,FEMALE,RUN,WND-010,NEW,,"same-frame left/right worn pair, sole and foot contact; rear/front and occlusion where required; not the product thumbnail",all equipped-character scenes
female-run-worn_shoes-wnd-011,worn_shoes,FEMALE,RUN,WND-011,NEW,,"same-frame left/right worn pair, sole and foot contact; rear/front and occlusion where required; not the product thumbnail",all equipped-character scenes
female-run-worn_shoes-wnd-012,worn_shoes,FEMALE,RUN,WND-012,NEW,,"same-frame left/right worn pair, sole and foot contact; rear/front and occlusion where required; not the product thumbnail",all equipped-character scenes
female-run-worn_shoes-wnd-013,worn_shoes,FEMALE,RUN,WND-013,NEW,,"same-frame left/right worn pair, sole and foot contact; rear/front and occlusion where required; not the product thumbnail",all equipped-character scenes
female-cheer-body-base,body,FEMALE,CHEER,base,NEW,,"1024x1536 transparent aligned body/face/eyes/skin; rear hair/arms and front hair/hands/occlusion layers; no outfit, cap or shoe",all character scenes
female-cheer-outfit-starter-hoodie,outfit,FEMALE,CHEER,starter_hoodie,NEW,,"same-frame upper, shorts and socks; preserve sleeve/hand overlap with rear/front garment or masks; no cap or shoes","home, run, wardrobe, challenge, result, profile, market preview"
female-cheer-outfit-clo-001,outfit,FEMALE,CHEER,CLO-001,NEW,,"same-frame upper, shorts and socks; preserve sleeve/hand overlap with rear/front garment or masks; no cap or shoes","home, run, wardrobe, challenge, result, profile, market preview"
female-cheer-outfit-clo-002,outfit,FEMALE,CHEER,CLO-002,NEW,,"same-frame upper, shorts and socks; preserve sleeve/hand overlap with rear/front garment or masks; no cap or shoes","home, run, wardrobe, challenge, result, profile, market preview"
female-cheer-outfit-clo-003,outfit,FEMALE,CHEER,CLO-003,NEW,,"same-frame upper, shorts and socks; preserve sleeve/hand overlap with rear/front garment or masks; no cap or shoes","home, run, wardrobe, challenge, result, profile, market preview"
female-cheer-outfit-clo-004,outfit,FEMALE,CHEER,CLO-004,NEW,,"same-frame upper, shorts and socks; preserve sleeve/hand overlap with rear/front garment or masks; no cap or shoes","home, run, wardrobe, challenge, result, profile, market preview"
female-cheer-outfit-clo-005,outfit,FEMALE,CHEER,CLO-005,NEW,,"same-frame upper, shorts and socks; preserve sleeve/hand overlap with rear/front garment or masks; no cap or shoes","home, run, wardrobe, challenge, result, profile, market preview"
female-cheer-outfit-studio-pink,outfit,FEMALE,CHEER,STUDIO-PINK,NEW,,"same-frame upper, shorts and socks; preserve sleeve/hand overlap with rear/front garment or masks; no cap or shoes","home, run, wardrobe, challenge, result, profile, market preview"
female-cheer-outfit-studio-lavender,outfit,FEMALE,CHEER,STUDIO-LAVENDER,NEW,,"same-frame upper, shorts and socks; preserve sleeve/hand overlap with rear/front garment or masks; no cap or shoes","home, run, wardrobe, challenge, result, profile, market preview"
female-cheer-outfit-studio-olive,outfit,FEMALE,CHEER,STUDIO-OLIVE,NEW,,"same-frame upper, shorts and socks; preserve sleeve/hand overlap with rear/front garment or masks; no cap or shoes","home, run, wardrobe, challenge, result, profile, market preview"
female-cheer-cap-starter-hoodie,cap,FEMALE,CHEER,starter_hoodie,NEW,,"same-frame cap, brim and UP logo; rear/front or hair occlusion where required; selected by outfit ID",all equipped-character scenes
female-cheer-cap-clo-001,cap,FEMALE,CHEER,CLO-001,NEW,,"same-frame cap, brim and UP logo; rear/front or hair occlusion where required; selected by outfit ID",all equipped-character scenes
female-cheer-cap-clo-002,cap,FEMALE,CHEER,CLO-002,NEW,,"same-frame cap, brim and UP logo; rear/front or hair occlusion where required; selected by outfit ID",all equipped-character scenes
female-cheer-cap-clo-003,cap,FEMALE,CHEER,CLO-003,NEW,,"same-frame cap, brim and UP logo; rear/front or hair occlusion where required; selected by outfit ID",all equipped-character scenes
female-cheer-cap-clo-004,cap,FEMALE,CHEER,CLO-004,NEW,,"same-frame cap, brim and UP logo; rear/front or hair occlusion where required; selected by outfit ID",all equipped-character scenes
female-cheer-cap-clo-005,cap,FEMALE,CHEER,CLO-005,NEW,,"same-frame cap, brim and UP logo; rear/front or hair occlusion where required; selected by outfit ID",all equipped-character scenes
female-cheer-cap-studio-pink,cap,FEMALE,CHEER,STUDIO-PINK,NEW,,"same-frame cap, brim and UP logo; rear/front or hair occlusion where required; selected by outfit ID",all equipped-character scenes
female-cheer-cap-studio-lavender,cap,FEMALE,CHEER,STUDIO-LAVENDER,NEW,,"same-frame cap, brim and UP logo; rear/front or hair occlusion where required; selected by outfit ID",all equipped-character scenes
female-cheer-cap-studio-olive,cap,FEMALE,CHEER,STUDIO-OLIVE,NEW,,"same-frame cap, brim and UP logo; rear/front or hair occlusion where required; selected by outfit ID",all equipped-character scenes
female-cheer-worn_shoes-shoes-base,worn_shoes,FEMALE,CHEER,SHOES-BASE,NEW,,"same-frame left/right worn pair, sole and foot contact; rear/front and occlusion where required; not the product thumbnail",all equipped-character scenes
female-cheer-worn_shoes-fir-001,worn_shoes,FEMALE,CHEER,FIR-001,NEW,,"same-frame left/right worn pair, sole and foot contact; rear/front and occlusion where required; not the product thumbnail",all equipped-character scenes
female-cheer-worn_shoes-fir-002,worn_shoes,FEMALE,CHEER,FIR-002,NEW,,"same-frame left/right worn pair, sole and foot contact; rear/front and occlusion where required; not the product thumbnail",all equipped-character scenes
female-cheer-worn_shoes-fir-003,worn_shoes,FEMALE,CHEER,FIR-003,NEW,,"same-frame left/right worn pair, sole and foot contact; rear/front and occlusion where required; not the product thumbnail",all equipped-character scenes
female-cheer-worn_shoes-fir-004,worn_shoes,FEMALE,CHEER,FIR-004,NEW,,"same-frame left/right worn pair, sole and foot contact; rear/front and occlusion where required; not the product thumbnail",all equipped-character scenes
female-cheer-worn_shoes-fir-005,worn_shoes,FEMALE,CHEER,FIR-005,NEW,,"same-frame left/right worn pair, sole and foot contact; rear/front and occlusion where required; not the product thumbnail",all equipped-character scenes
female-cheer-worn_shoes-fir-006,worn_shoes,FEMALE,CHEER,FIR-006,NEW,,"same-frame left/right worn pair, sole and foot contact; rear/front and occlusion where required; not the product thumbnail",all equipped-character scenes
female-cheer-worn_shoes-fir-007,worn_shoes,FEMALE,CHEER,FIR-007,NEW,,"same-frame left/right worn pair, sole and foot contact; rear/front and occlusion where required; not the product thumbnail",all equipped-character scenes
female-cheer-worn_shoes-fir-008,worn_shoes,FEMALE,CHEER,FIR-008,NEW,,"same-frame left/right worn pair, sole and foot contact; rear/front and occlusion where required; not the product thumbnail",all equipped-character scenes
female-cheer-worn_shoes-fir-009,worn_shoes,FEMALE,CHEER,FIR-009,NEW,,"same-frame left/right worn pair, sole and foot contact; rear/front and occlusion where required; not the product thumbnail",all equipped-character scenes
female-cheer-worn_shoes-fir-010,worn_shoes,FEMALE,CHEER,FIR-010,NEW,,"same-frame left/right worn pair, sole and foot contact; rear/front and occlusion where required; not the product thumbnail",all equipped-character scenes
female-cheer-worn_shoes-fir-011,worn_shoes,FEMALE,CHEER,FIR-011,NEW,,"same-frame left/right worn pair, sole and foot contact; rear/front and occlusion where required; not the product thumbnail",all equipped-character scenes
female-cheer-worn_shoes-fir-012,worn_shoes,FEMALE,CHEER,FIR-012,NEW,,"same-frame left/right worn pair, sole and foot contact; rear/front and occlusion where required; not the product thumbnail",all equipped-character scenes
female-cheer-worn_shoes-fir-013,worn_shoes,FEMALE,CHEER,FIR-013,NEW,,"same-frame left/right worn pair, sole and foot contact; rear/front and occlusion where required; not the product thumbnail",all equipped-character scenes
female-cheer-worn_shoes-wat-001,worn_shoes,FEMALE,CHEER,WAT-001,NEW,,"same-frame left/right worn pair, sole and foot contact; rear/front and occlusion where required; not the product thumbnail",all equipped-character scenes
female-cheer-worn_shoes-wat-002,worn_shoes,FEMALE,CHEER,WAT-002,NEW,,"same-frame left/right worn pair, sole and foot contact; rear/front and occlusion where required; not the product thumbnail",all equipped-character scenes
female-cheer-worn_shoes-wat-003,worn_shoes,FEMALE,CHEER,WAT-003,NEW,,"same-frame left/right worn pair, sole and foot contact; rear/front and occlusion where required; not the product thumbnail",all equipped-character scenes
female-cheer-worn_shoes-wat-004,worn_shoes,FEMALE,CHEER,WAT-004,NEW,,"same-frame left/right worn pair, sole and foot contact; rear/front and occlusion where required; not the product thumbnail",all equipped-character scenes
female-cheer-worn_shoes-wat-005,worn_shoes,FEMALE,CHEER,WAT-005,NEW,,"same-frame left/right worn pair, sole and foot contact; rear/front and occlusion where required; not the product thumbnail",all equipped-character scenes
female-cheer-worn_shoes-wat-006,worn_shoes,FEMALE,CHEER,WAT-006,NEW,,"same-frame left/right worn pair, sole and foot contact; rear/front and occlusion where required; not the product thumbnail",all equipped-character scenes
female-cheer-worn_shoes-wat-007,worn_shoes,FEMALE,CHEER,WAT-007,NEW,,"same-frame left/right worn pair, sole and foot contact; rear/front and occlusion where required; not the product thumbnail",all equipped-character scenes
female-cheer-worn_shoes-wat-008,worn_shoes,FEMALE,CHEER,WAT-008,NEW,,"same-frame left/right worn pair, sole and foot contact; rear/front and occlusion where required; not the product thumbnail",all equipped-character scenes
female-cheer-worn_shoes-wat-009,worn_shoes,FEMALE,CHEER,WAT-009,NEW,,"same-frame left/right worn pair, sole and foot contact; rear/front and occlusion where required; not the product thumbnail",all equipped-character scenes
female-cheer-worn_shoes-wat-010,worn_shoes,FEMALE,CHEER,WAT-010,NEW,,"same-frame left/right worn pair, sole and foot contact; rear/front and occlusion where required; not the product thumbnail",all equipped-character scenes
female-cheer-worn_shoes-wat-011,worn_shoes,FEMALE,CHEER,WAT-011,NEW,,"same-frame left/right worn pair, sole and foot contact; rear/front and occlusion where required; not the product thumbnail",all equipped-character scenes
female-cheer-worn_shoes-wat-012,worn_shoes,FEMALE,CHEER,WAT-012,NEW,,"same-frame left/right worn pair, sole and foot contact; rear/front and occlusion where required; not the product thumbnail",all equipped-character scenes
female-cheer-worn_shoes-wat-013,worn_shoes,FEMALE,CHEER,WAT-013,NEW,,"same-frame left/right worn pair, sole and foot contact; rear/front and occlusion where required; not the product thumbnail",all equipped-character scenes
female-cheer-worn_shoes-lit-001,worn_shoes,FEMALE,CHEER,LIT-001,NEW,,"same-frame left/right worn pair, sole and foot contact; rear/front and occlusion where required; not the product thumbnail",all equipped-character scenes
female-cheer-worn_shoes-lit-002,worn_shoes,FEMALE,CHEER,LIT-002,NEW,,"same-frame left/right worn pair, sole and foot contact; rear/front and occlusion where required; not the product thumbnail",all equipped-character scenes
female-cheer-worn_shoes-lit-003,worn_shoes,FEMALE,CHEER,LIT-003,NEW,,"same-frame left/right worn pair, sole and foot contact; rear/front and occlusion where required; not the product thumbnail",all equipped-character scenes
female-cheer-worn_shoes-lit-004,worn_shoes,FEMALE,CHEER,LIT-004,NEW,,"same-frame left/right worn pair, sole and foot contact; rear/front and occlusion where required; not the product thumbnail",all equipped-character scenes
female-cheer-worn_shoes-lit-005,worn_shoes,FEMALE,CHEER,LIT-005,NEW,,"same-frame left/right worn pair, sole and foot contact; rear/front and occlusion where required; not the product thumbnail",all equipped-character scenes
female-cheer-worn_shoes-lit-006,worn_shoes,FEMALE,CHEER,LIT-006,NEW,,"same-frame left/right worn pair, sole and foot contact; rear/front and occlusion where required; not the product thumbnail",all equipped-character scenes
female-cheer-worn_shoes-lit-007,worn_shoes,FEMALE,CHEER,LIT-007,NEW,,"same-frame left/right worn pair, sole and foot contact; rear/front and occlusion where required; not the product thumbnail",all equipped-character scenes
female-cheer-worn_shoes-lit-008,worn_shoes,FEMALE,CHEER,LIT-008,NEW,,"same-frame left/right worn pair, sole and foot contact; rear/front and occlusion where required; not the product thumbnail",all equipped-character scenes
female-cheer-worn_shoes-lit-009,worn_shoes,FEMALE,CHEER,LIT-009,NEW,,"same-frame left/right worn pair, sole and foot contact; rear/front and occlusion where required; not the product thumbnail",all equipped-character scenes
female-cheer-worn_shoes-lit-010,worn_shoes,FEMALE,CHEER,LIT-010,NEW,,"same-frame left/right worn pair, sole and foot contact; rear/front and occlusion where required; not the product thumbnail",all equipped-character scenes
female-cheer-worn_shoes-lit-011,worn_shoes,FEMALE,CHEER,LIT-011,NEW,,"same-frame left/right worn pair, sole and foot contact; rear/front and occlusion where required; not the product thumbnail",all equipped-character scenes
female-cheer-worn_shoes-lit-012,worn_shoes,FEMALE,CHEER,LIT-012,NEW,,"same-frame left/right worn pair, sole and foot contact; rear/front and occlusion where required; not the product thumbnail",all equipped-character scenes
female-cheer-worn_shoes-lit-013,worn_shoes,FEMALE,CHEER,LIT-013,NEW,,"same-frame left/right worn pair, sole and foot contact; rear/front and occlusion where required; not the product thumbnail",all equipped-character scenes
female-cheer-worn_shoes-wnd-001,worn_shoes,FEMALE,CHEER,WND-001,NEW,,"same-frame left/right worn pair, sole and foot contact; rear/front and occlusion where required; not the product thumbnail",all equipped-character scenes
female-cheer-worn_shoes-wnd-002,worn_shoes,FEMALE,CHEER,WND-002,NEW,,"same-frame left/right worn pair, sole and foot contact; rear/front and occlusion where required; not the product thumbnail",all equipped-character scenes
female-cheer-worn_shoes-wnd-003,worn_shoes,FEMALE,CHEER,WND-003,NEW,,"same-frame left/right worn pair, sole and foot contact; rear/front and occlusion where required; not the product thumbnail",all equipped-character scenes
female-cheer-worn_shoes-wnd-004,worn_shoes,FEMALE,CHEER,WND-004,NEW,,"same-frame left/right worn pair, sole and foot contact; rear/front and occlusion where required; not the product thumbnail",all equipped-character scenes
female-cheer-worn_shoes-wnd-005,worn_shoes,FEMALE,CHEER,WND-005,NEW,,"same-frame left/right worn pair, sole and foot contact; rear/front and occlusion where required; not the product thumbnail",all equipped-character scenes
female-cheer-worn_shoes-wnd-006,worn_shoes,FEMALE,CHEER,WND-006,NEW,,"same-frame left/right worn pair, sole and foot contact; rear/front and occlusion where required; not the product thumbnail",all equipped-character scenes
female-cheer-worn_shoes-wnd-007,worn_shoes,FEMALE,CHEER,WND-007,NEW,,"same-frame left/right worn pair, sole and foot contact; rear/front and occlusion where required; not the product thumbnail",all equipped-character scenes
female-cheer-worn_shoes-wnd-008,worn_shoes,FEMALE,CHEER,WND-008,NEW,,"same-frame left/right worn pair, sole and foot contact; rear/front and occlusion where required; not the product thumbnail",all equipped-character scenes
female-cheer-worn_shoes-wnd-009,worn_shoes,FEMALE,CHEER,WND-009,NEW,,"same-frame left/right worn pair, sole and foot contact; rear/front and occlusion where required; not the product thumbnail",all equipped-character scenes
female-cheer-worn_shoes-wnd-010,worn_shoes,FEMALE,CHEER,WND-010,NEW,,"same-frame left/right worn pair, sole and foot contact; rear/front and occlusion where required; not the product thumbnail",all equipped-character scenes
female-cheer-worn_shoes-wnd-011,worn_shoes,FEMALE,CHEER,WND-011,NEW,,"same-frame left/right worn pair, sole and foot contact; rear/front and occlusion where required; not the product thumbnail",all equipped-character scenes
female-cheer-worn_shoes-wnd-012,worn_shoes,FEMALE,CHEER,WND-012,NEW,,"same-frame left/right worn pair, sole and foot contact; rear/front and occlusion where required; not the product thumbnail",all equipped-character scenes
female-cheer-worn_shoes-wnd-013,worn_shoes,FEMALE,CHEER,WND-013,NEW,,"same-frame left/right worn pair, sole and foot contact; rear/front and occlusion where required; not the product thumbnail",all equipped-character scenes
female-sit-body-base,body,FEMALE,SIT,base,NEW,,"1024x1536 transparent aligned body/face/eyes/skin; rear hair/arms and front hair/hands/occlusion layers; no outfit, cap or shoe",all character scenes
female-sit-outfit-starter-hoodie,outfit,FEMALE,SIT,starter_hoodie,NEW,,"same-frame upper, shorts and socks; preserve sleeve/hand overlap with rear/front garment or masks; no cap or shoes","home, run, wardrobe, challenge, result, profile, market preview"
female-sit-outfit-clo-001,outfit,FEMALE,SIT,CLO-001,NEW,,"same-frame upper, shorts and socks; preserve sleeve/hand overlap with rear/front garment or masks; no cap or shoes","home, run, wardrobe, challenge, result, profile, market preview"
female-sit-outfit-clo-002,outfit,FEMALE,SIT,CLO-002,NEW,,"same-frame upper, shorts and socks; preserve sleeve/hand overlap with rear/front garment or masks; no cap or shoes","home, run, wardrobe, challenge, result, profile, market preview"
female-sit-outfit-clo-003,outfit,FEMALE,SIT,CLO-003,NEW,,"same-frame upper, shorts and socks; preserve sleeve/hand overlap with rear/front garment or masks; no cap or shoes","home, run, wardrobe, challenge, result, profile, market preview"
female-sit-outfit-clo-004,outfit,FEMALE,SIT,CLO-004,NEW,,"same-frame upper, shorts and socks; preserve sleeve/hand overlap with rear/front garment or masks; no cap or shoes","home, run, wardrobe, challenge, result, profile, market preview"
female-sit-outfit-clo-005,outfit,FEMALE,SIT,CLO-005,NEW,,"same-frame upper, shorts and socks; preserve sleeve/hand overlap with rear/front garment or masks; no cap or shoes","home, run, wardrobe, challenge, result, profile, market preview"
female-sit-outfit-studio-pink,outfit,FEMALE,SIT,STUDIO-PINK,NEW,,"same-frame upper, shorts and socks; preserve sleeve/hand overlap with rear/front garment or masks; no cap or shoes","home, run, wardrobe, challenge, result, profile, market preview"
female-sit-outfit-studio-lavender,outfit,FEMALE,SIT,STUDIO-LAVENDER,NEW,,"same-frame upper, shorts and socks; preserve sleeve/hand overlap with rear/front garment or masks; no cap or shoes","home, run, wardrobe, challenge, result, profile, market preview"
female-sit-outfit-studio-olive,outfit,FEMALE,SIT,STUDIO-OLIVE,NEW,,"same-frame upper, shorts and socks; preserve sleeve/hand overlap with rear/front garment or masks; no cap or shoes","home, run, wardrobe, challenge, result, profile, market preview"
female-sit-cap-starter-hoodie,cap,FEMALE,SIT,starter_hoodie,NEW,,"same-frame cap, brim and UP logo; rear/front or hair occlusion where required; selected by outfit ID",all equipped-character scenes
female-sit-cap-clo-001,cap,FEMALE,SIT,CLO-001,NEW,,"same-frame cap, brim and UP logo; rear/front or hair occlusion where required; selected by outfit ID",all equipped-character scenes
female-sit-cap-clo-002,cap,FEMALE,SIT,CLO-002,NEW,,"same-frame cap, brim and UP logo; rear/front or hair occlusion where required; selected by outfit ID",all equipped-character scenes
female-sit-cap-clo-003,cap,FEMALE,SIT,CLO-003,NEW,,"same-frame cap, brim and UP logo; rear/front or hair occlusion where required; selected by outfit ID",all equipped-character scenes
female-sit-cap-clo-004,cap,FEMALE,SIT,CLO-004,NEW,,"same-frame cap, brim and UP logo; rear/front or hair occlusion where required; selected by outfit ID",all equipped-character scenes
female-sit-cap-clo-005,cap,FEMALE,SIT,CLO-005,NEW,,"same-frame cap, brim and UP logo; rear/front or hair occlusion where required; selected by outfit ID",all equipped-character scenes
female-sit-cap-studio-pink,cap,FEMALE,SIT,STUDIO-PINK,NEW,,"same-frame cap, brim and UP logo; rear/front or hair occlusion where required; selected by outfit ID",all equipped-character scenes
female-sit-cap-studio-lavender,cap,FEMALE,SIT,STUDIO-LAVENDER,NEW,,"same-frame cap, brim and UP logo; rear/front or hair occlusion where required; selected by outfit ID",all equipped-character scenes
female-sit-cap-studio-olive,cap,FEMALE,SIT,STUDIO-OLIVE,NEW,,"same-frame cap, brim and UP logo; rear/front or hair occlusion where required; selected by outfit ID",all equipped-character scenes
female-sit-worn_shoes-shoes-base,worn_shoes,FEMALE,SIT,SHOES-BASE,NEW,,"same-frame left/right worn pair, sole and foot contact; rear/front and occlusion where required; not the product thumbnail",all equipped-character scenes
female-sit-worn_shoes-fir-001,worn_shoes,FEMALE,SIT,FIR-001,NEW,,"same-frame left/right worn pair, sole and foot contact; rear/front and occlusion where required; not the product thumbnail",all equipped-character scenes
female-sit-worn_shoes-fir-002,worn_shoes,FEMALE,SIT,FIR-002,NEW,,"same-frame left/right worn pair, sole and foot contact; rear/front and occlusion where required; not the product thumbnail",all equipped-character scenes
female-sit-worn_shoes-fir-003,worn_shoes,FEMALE,SIT,FIR-003,NEW,,"same-frame left/right worn pair, sole and foot contact; rear/front and occlusion where required; not the product thumbnail",all equipped-character scenes
female-sit-worn_shoes-fir-004,worn_shoes,FEMALE,SIT,FIR-004,NEW,,"same-frame left/right worn pair, sole and foot contact; rear/front and occlusion where required; not the product thumbnail",all equipped-character scenes
female-sit-worn_shoes-fir-005,worn_shoes,FEMALE,SIT,FIR-005,NEW,,"same-frame left/right worn pair, sole and foot contact; rear/front and occlusion where required; not the product thumbnail",all equipped-character scenes
female-sit-worn_shoes-fir-006,worn_shoes,FEMALE,SIT,FIR-006,NEW,,"same-frame left/right worn pair, sole and foot contact; rear/front and occlusion where required; not the product thumbnail",all equipped-character scenes
female-sit-worn_shoes-fir-007,worn_shoes,FEMALE,SIT,FIR-007,NEW,,"same-frame left/right worn pair, sole and foot contact; rear/front and occlusion where required; not the product thumbnail",all equipped-character scenes
female-sit-worn_shoes-fir-008,worn_shoes,FEMALE,SIT,FIR-008,NEW,,"same-frame left/right worn pair, sole and foot contact; rear/front and occlusion where required; not the product thumbnail",all equipped-character scenes
female-sit-worn_shoes-fir-009,worn_shoes,FEMALE,SIT,FIR-009,NEW,,"same-frame left/right worn pair, sole and foot contact; rear/front and occlusion where required; not the product thumbnail",all equipped-character scenes
female-sit-worn_shoes-fir-010,worn_shoes,FEMALE,SIT,FIR-010,NEW,,"same-frame left/right worn pair, sole and foot contact; rear/front and occlusion where required; not the product thumbnail",all equipped-character scenes
female-sit-worn_shoes-fir-011,worn_shoes,FEMALE,SIT,FIR-011,NEW,,"same-frame left/right worn pair, sole and foot contact; rear/front and occlusion where required; not the product thumbnail",all equipped-character scenes
female-sit-worn_shoes-fir-012,worn_shoes,FEMALE,SIT,FIR-012,NEW,,"same-frame left/right worn pair, sole and foot contact; rear/front and occlusion where required; not the product thumbnail",all equipped-character scenes
female-sit-worn_shoes-fir-013,worn_shoes,FEMALE,SIT,FIR-013,NEW,,"same-frame left/right worn pair, sole and foot contact; rear/front and occlusion where required; not the product thumbnail",all equipped-character scenes
female-sit-worn_shoes-wat-001,worn_shoes,FEMALE,SIT,WAT-001,NEW,,"same-frame left/right worn pair, sole and foot contact; rear/front and occlusion where required; not the product thumbnail",all equipped-character scenes
female-sit-worn_shoes-wat-002,worn_shoes,FEMALE,SIT,WAT-002,NEW,,"same-frame left/right worn pair, sole and foot contact; rear/front and occlusion where required; not the product thumbnail",all equipped-character scenes
female-sit-worn_shoes-wat-003,worn_shoes,FEMALE,SIT,WAT-003,NEW,,"same-frame left/right worn pair, sole and foot contact; rear/front and occlusion where required; not the product thumbnail",all equipped-character scenes
female-sit-worn_shoes-wat-004,worn_shoes,FEMALE,SIT,WAT-004,NEW,,"same-frame left/right worn pair, sole and foot contact; rear/front and occlusion where required; not the product thumbnail",all equipped-character scenes
female-sit-worn_shoes-wat-005,worn_shoes,FEMALE,SIT,WAT-005,NEW,,"same-frame left/right worn pair, sole and foot contact; rear/front and occlusion where required; not the product thumbnail",all equipped-character scenes
female-sit-worn_shoes-wat-006,worn_shoes,FEMALE,SIT,WAT-006,NEW,,"same-frame left/right worn pair, sole and foot contact; rear/front and occlusion where required; not the product thumbnail",all equipped-character scenes
female-sit-worn_shoes-wat-007,worn_shoes,FEMALE,SIT,WAT-007,NEW,,"same-frame left/right worn pair, sole and foot contact; rear/front and occlusion where required; not the product thumbnail",all equipped-character scenes
female-sit-worn_shoes-wat-008,worn_shoes,FEMALE,SIT,WAT-008,NEW,,"same-frame left/right worn pair, sole and foot contact; rear/front and occlusion where required; not the product thumbnail",all equipped-character scenes
female-sit-worn_shoes-wat-009,worn_shoes,FEMALE,SIT,WAT-009,NEW,,"same-frame left/right worn pair, sole and foot contact; rear/front and occlusion where required; not the product thumbnail",all equipped-character scenes
female-sit-worn_shoes-wat-010,worn_shoes,FEMALE,SIT,WAT-010,NEW,,"same-frame left/right worn pair, sole and foot contact; rear/front and occlusion where required; not the product thumbnail",all equipped-character scenes
female-sit-worn_shoes-wat-011,worn_shoes,FEMALE,SIT,WAT-011,NEW,,"same-frame left/right worn pair, sole and foot contact; rear/front and occlusion where required; not the product thumbnail",all equipped-character scenes
female-sit-worn_shoes-wat-012,worn_shoes,FEMALE,SIT,WAT-012,NEW,,"same-frame left/right worn pair, sole and foot contact; rear/front and occlusion where required; not the product thumbnail",all equipped-character scenes
female-sit-worn_shoes-wat-013,worn_shoes,FEMALE,SIT,WAT-013,NEW,,"same-frame left/right worn pair, sole and foot contact; rear/front and occlusion where required; not the product thumbnail",all equipped-character scenes
female-sit-worn_shoes-lit-001,worn_shoes,FEMALE,SIT,LIT-001,NEW,,"same-frame left/right worn pair, sole and foot contact; rear/front and occlusion where required; not the product thumbnail",all equipped-character scenes
female-sit-worn_shoes-lit-002,worn_shoes,FEMALE,SIT,LIT-002,NEW,,"same-frame left/right worn pair, sole and foot contact; rear/front and occlusion where required; not the product thumbnail",all equipped-character scenes
female-sit-worn_shoes-lit-003,worn_shoes,FEMALE,SIT,LIT-003,NEW,,"same-frame left/right worn pair, sole and foot contact; rear/front and occlusion where required; not the product thumbnail",all equipped-character scenes
female-sit-worn_shoes-lit-004,worn_shoes,FEMALE,SIT,LIT-004,NEW,,"same-frame left/right worn pair, sole and foot contact; rear/front and occlusion where required; not the product thumbnail",all equipped-character scenes
female-sit-worn_shoes-lit-005,worn_shoes,FEMALE,SIT,LIT-005,NEW,,"same-frame left/right worn pair, sole and foot contact; rear/front and occlusion where required; not the product thumbnail",all equipped-character scenes
female-sit-worn_shoes-lit-006,worn_shoes,FEMALE,SIT,LIT-006,NEW,,"same-frame left/right worn pair, sole and foot contact; rear/front and occlusion where required; not the product thumbnail",all equipped-character scenes
female-sit-worn_shoes-lit-007,worn_shoes,FEMALE,SIT,LIT-007,NEW,,"same-frame left/right worn pair, sole and foot contact; rear/front and occlusion where required; not the product thumbnail",all equipped-character scenes
female-sit-worn_shoes-lit-008,worn_shoes,FEMALE,SIT,LIT-008,NEW,,"same-frame left/right worn pair, sole and foot contact; rear/front and occlusion where required; not the product thumbnail",all equipped-character scenes
female-sit-worn_shoes-lit-009,worn_shoes,FEMALE,SIT,LIT-009,NEW,,"same-frame left/right worn pair, sole and foot contact; rear/front and occlusion where required; not the product thumbnail",all equipped-character scenes
female-sit-worn_shoes-lit-010,worn_shoes,FEMALE,SIT,LIT-010,NEW,,"same-frame left/right worn pair, sole and foot contact; rear/front and occlusion where required; not the product thumbnail",all equipped-character scenes
female-sit-worn_shoes-lit-011,worn_shoes,FEMALE,SIT,LIT-011,NEW,,"same-frame left/right worn pair, sole and foot contact; rear/front and occlusion where required; not the product thumbnail",all equipped-character scenes
female-sit-worn_shoes-lit-012,worn_shoes,FEMALE,SIT,LIT-012,NEW,,"same-frame left/right worn pair, sole and foot contact; rear/front and occlusion where required; not the product thumbnail",all equipped-character scenes
female-sit-worn_shoes-lit-013,worn_shoes,FEMALE,SIT,LIT-013,NEW,,"same-frame left/right worn pair, sole and foot contact; rear/front and occlusion where required; not the product thumbnail",all equipped-character scenes
female-sit-worn_shoes-wnd-001,worn_shoes,FEMALE,SIT,WND-001,NEW,,"same-frame left/right worn pair, sole and foot contact; rear/front and occlusion where required; not the product thumbnail",all equipped-character scenes
female-sit-worn_shoes-wnd-002,worn_shoes,FEMALE,SIT,WND-002,NEW,,"same-frame left/right worn pair, sole and foot contact; rear/front and occlusion where required; not the product thumbnail",all equipped-character scenes
female-sit-worn_shoes-wnd-003,worn_shoes,FEMALE,SIT,WND-003,NEW,,"same-frame left/right worn pair, sole and foot contact; rear/front and occlusion where required; not the product thumbnail",all equipped-character scenes
female-sit-worn_shoes-wnd-004,worn_shoes,FEMALE,SIT,WND-004,NEW,,"same-frame left/right worn pair, sole and foot contact; rear/front and occlusion where required; not the product thumbnail",all equipped-character scenes
female-sit-worn_shoes-wnd-005,worn_shoes,FEMALE,SIT,WND-005,NEW,,"same-frame left/right worn pair, sole and foot contact; rear/front and occlusion where required; not the product thumbnail",all equipped-character scenes
female-sit-worn_shoes-wnd-006,worn_shoes,FEMALE,SIT,WND-006,NEW,,"same-frame left/right worn pair, sole and foot contact; rear/front and occlusion where required; not the product thumbnail",all equipped-character scenes
female-sit-worn_shoes-wnd-007,worn_shoes,FEMALE,SIT,WND-007,NEW,,"same-frame left/right worn pair, sole and foot contact; rear/front and occlusion where required; not the product thumbnail",all equipped-character scenes
female-sit-worn_shoes-wnd-008,worn_shoes,FEMALE,SIT,WND-008,NEW,,"same-frame left/right worn pair, sole and foot contact; rear/front and occlusion where required; not the product thumbnail",all equipped-character scenes
female-sit-worn_shoes-wnd-009,worn_shoes,FEMALE,SIT,WND-009,NEW,,"same-frame left/right worn pair, sole and foot contact; rear/front and occlusion where required; not the product thumbnail",all equipped-character scenes
female-sit-worn_shoes-wnd-010,worn_shoes,FEMALE,SIT,WND-010,NEW,,"same-frame left/right worn pair, sole and foot contact; rear/front and occlusion where required; not the product thumbnail",all equipped-character scenes
female-sit-worn_shoes-wnd-011,worn_shoes,FEMALE,SIT,WND-011,NEW,,"same-frame left/right worn pair, sole and foot contact; rear/front and occlusion where required; not the product thumbnail",all equipped-character scenes
female-sit-worn_shoes-wnd-012,worn_shoes,FEMALE,SIT,WND-012,NEW,,"same-frame left/right worn pair, sole and foot contact; rear/front and occlusion where required; not the product thumbnail",all equipped-character scenes
female-sit-worn_shoes-wnd-013,worn_shoes,FEMALE,SIT,WND-013,NEW,,"same-frame left/right worn pair, sole and foot contact; rear/front and occlusion where required; not the product thumbnail",all equipped-character scenes
